,col0,col1,col2
0,3041.5,0.0,0.0
1,3042.5,0.0,2.0
2,3043.5,0.0,2.0
3,3044.5,0.0,0.0
4,3045.5,0.0,0.0
5,3046.5,0.0,2.0
6,3047.5,0.0,2.0
7,3048.5,0.0,2.0
8,3049.5,0.0,2.0
9,3050.5,0.0,2.0
10,3051.5,0.0,2.0
11,3052.5,0.0,0.0
12,3053.5,0.0,0.0
13,3054.5,0.0,2.0
14,3055.5,0.0,2.0
15,3056.5,0.0,2.0
16,3057.5,0.0,2.0
17,3058.5,0.0,6.0
18,3059.5,0.0,4.0
19,3060.5,0.0,6.0
20,3061.5,0.0,4.0
21,3062.5,0.0,4.0
22,3063.5,0.0,6.0
23,3064.5,0.0,6.0
24,3065.5,0.0,4.0
25,3066.5,0.0,8.0
26,3067.5,0.0,10.0
27,3068.5,0.0,8.0
28,3069.5,0.0,8.0
29,3070.5,0.0,8.0
30,3071.5,0.0,12.0
31,3072.5,0.0,6.0
32,3073.5,0.0,10.0
33,3074.5,0.0,12.0
34,3075.5,0.0,14.0
35,3076.5,0.0,10.0
36,3077.5,0.0,14.0
37,3078.5,0.0,18.0
38,3079.5,0.0,12.0
39,3080.5,0.0,18.0
40,3081.5,0.0,14.0
41,3082.5,0.0,16.0
42,3083.5,0.0,16.0
43,3084.5,0.0,14.0
44,3085.5,0.0,26.0
45,3086.5,0.0,24.0
46,3087.5,0.0,24.0
47,3088.5,0.0,26.0
48,3089.5,0.0,26.0
49,3090.5,0.0,28.0
50,3091.5,0.0,26.0
51,3092.5,0.0,30.0
52,3093.5,0.0,28.0
53,3094.5,0.0,38.0
54,3095.5,0.0,40.0
55,3096.5,0.0,32.0
56,3097.5,0.0,46.0
57,3098.5,2.0,44.0
58,3099.5,0.0,56.0
59,3100.5,0.0,50.0
60,3101.5,2.0,44.0
61,3102.5,2.0,56.0
62,3103.5,2.0,46.0
63,3104.5,2.0,62.0
64,3105.5,0.0,60.0
65,3106.5,2.0,58.0
66,3107.5,2.0,76.0
67,3108.5,2.0,62.0
68,3109.5,2.0,76.0
69,3110.5,2.0,70.0
70,3111.5,2.0,94.0
71,3112.5,2.0,80.0
72,3113.5,2.0,102.0
73,3114.5,2.0,96.0
74,3115.5,4.0,110.0
75,3116.5,2.0,98.0
76,3117.5,4.0,114.0
77,3118.5,4.0,118.0
78,3119.5,4.0,126.0
79,3120.5,4.0,134.0
80,3121.5,4.0,128.0
81,3122.5,6.0,142.0
82,3123.5,4.0,152.0
83,3124.5,8.0,164.0
84,3125.5,2.0,178.0
85,3126.5,6.0,166.0
86,3127.5,6.0,180.0
87,3128.5,6.0,178.0
88,3129.5,8.0,194.0
89,3130.5,8.0,204.0
90,3131.5,6.0,192.0
91,3132.5,8.0,216.0
92,3133.5,10.0,220.0
93,3134.5,6.0,222.0
94,3135.5,10.0,216.0
95,3136.5,8.0,238.0
96,3137.5,12.0,268.0
97,3138.5,10.0,288.0
98,3139.5,14.0,306.0
99,3140.5,12.0,326.0
100,3141.5,10.0,304.0
101,3142.5,14.0,320.0
102,3143.5,12.0,348.0
103,3144.5,14.0,354.0
104,3145.5,12.0,374.0
105,3146.5,12.0,410.0
106,3147.5,12.0,386.0
107,3148.5,16.0,408.0
108,3149.5,14.0,428.0
109,3150.5,20.0,476.0
110,3151.5,14.0,458.0
111,3152.5,18.0,484.0
112,3153.5,20.0,484.0
113,3154.5,18.0,506.0
114,3155.5,26.0,522.0
115,3156.5,22.0,536.0
116,3157.5,22.0,598.0
117,3158.5,26.0,602.0
118,3159.5,32.0,620.0
119,3160.5,24.0,630.0
120,3161.5,26.0,658.0
121,3162.5,32.0,636.0
122,3163.5,28.0,724.0
123,3164.5,28.0,730.0
124,3165.5,36.0,776.0
125,3166.5,34.0,746.0
126,3167.5,34.0,796.0
127,3168.5,32.0,812.0
128,3169.5,44.0,808.0
129,3170.5,56.0,824.0
130,3171.5,42.0,876.0
131,3172.5,38.0,894.0
132,3173.5,48.0,942.0
133,3174.5,46.0,946.0
134,3175.5,44.0,948.0
135,3176.5,58.0,934.0
136,3177.5,54.0,1074.0
137,3178.5,54.0,1092.0
138,3179.5,68.0,1080.0
139,3180.5,58.0,1050.0
140,3181.5,72.0,1124.0
141,3182.5,64.0,1178.0
142,3183.5,66.0,1102.0
143,3184.5,68.0,1254.0
144,3185.5,80.0,1184.0
145,3186.5,80.0,1238.0
146,3187.5,82.0,1324.0
147,3188.5,78.0,1360.0
148,3189.5,76.0,1314.0
149,3190.5,78.0,1424.0
150,3191.5,90.0,1348.0
151,3192.5,98.0,1486.0
152,3193.5,86.0,1464.0
153,3194.5,98.0,1502.0
154,3195.5,96.0,1512.0
155,3196.5,106.0,1606.0
156,3197.5,96.0,1622.0
157,3198.5,100.0,1600.0
158,3199.5,118.0,1636.0
159,3200.5,124.0,1704.0
160,3201.5,122.0,1726.0
161,3202.5,126.0,1716.0
162,3203.5,120.0,1780.0
163,3204.5,130.0,1742.0
164,3205.5,120.0,1784.0
165,3206.5,134.0,1878.0
166,3207.5,150.0,1882.0
167,3208.5,152.0,1956.0
168,3209.5,148.0,1998.0
169,3210.5,152.0,2026.0
170,3211.5,158.0,1962.0
171,3212.5,166.0,2050.0
172,3213.5,178.0,2032.0
173,3214.5,192.0,2088.0
174,3215.5,164.0,2070.0
175,3216.5,174.0,2142.0
176,3217.5,192.0,2182.0
177,3218.5,196.0,2108.0
178,3219.5,202.0,2192.0
179,3220.5,222.0,2190.0
180,3221.5,208.0,2236.0
181,3222.5,230.0,2326.0
182,3223.5,222.0,2294.0
183,3224.5,218.0,2312.0
184,3225.5,214.0,2334.0
185,3226.5,236.0,2344.0
186,3227.5,246.0,2334.0
187,3228.5,256.0,2370.0
188,3229.5,290.0,2382.0
189,3230.5,256.0,2502.0
190,3231.5,264.0,2482.0
191,3232.5,268.0,2392.0
192,3233.5,274.0,2452.0
193,3234.5,264.0,2474.0
194,3235.5,280.0,2436.0
195,3236.5,306.0,2460.0
196,3237.5,290.0,2456.0
197,3238.5,328.0,2488.0
198,3239.5,334.0,2492.0
199,3240.5,332.0,2552.0
200,3241.5,328.0,2496.0
201,3242.5,334.0,2554.0
202,3243.5,330.0,2492.0
203,3244.5,344.0,2512.0
204,3245.5,350.0,2576.0
205,3246.5,370.0,2522.0
206,3247.5,352.0,2532.0
207,3248.5,380.0,2566.0
208,3249.5,366.0,2540.0
209,3250.5,378.0,2572.0
210,3251.5,384.0,2592.0
211,3252.5,390.0,2600.0
212,3253.5,376.0,2562.0
213,3254.5,400.0,2540.0
214,3255.5,418.0,2552.0
215,3256.5,430.0,2522.0
216,3257.5,428.0,2578.0
217,3258.5,452.0,2530.0
218,3259.5,432.0,2470.0
219,3260.5,458.0,2434.0
220,3261.5,454.0,2452.0
221,3262.5,460.0,2482.0
222,3263.5,466.0,2462.0
223,3264.5,454.0,2436.0
224,3265.5,420.0,2396.0
225,3266.5,502.0,2366.0
226,3267.5,482.0,2424.0
227,3268.5,502.0,2420.0
228,3269.5,490.0,2370.0
229,3270.5,496.0,2320.0
230,3271.5,522.0,2266.0
231,3272.5,530.0,2310.0
232,3273.5,526.0,2320.0
233,3274.5,514.0,2288.0
234,3275.5,558.0,2266.0
235,3276.5,546.0,2180.0
236,3277.5,506.0,2222.0
237,3278.5,556.0,2200.0
238,3279.5,568.0,2172.0
239,3280.5,566.0,2138.0
240,3281.5,576.0,2144.0
241,3282.5,578.0,2114.0
242,3283.5,572.0,2074.0
243,3284.5,584.0,2090.0
244,3285.5,590.0,2048.0
245,3286.5,600.0,1966.0
246,3287.5,634.0,1954.0
247,3288.5,616.0,1960.0
248,3289.5,612.0,1908.0
249,3290.5,590.0,1902.0
250,3291.5,634.0,1848.0
251,3292.5,632.0,1852.0
252,3293.5,606.0,1808.0
253,3294.5,638.0,1820.0
254,3295.5,640.0,1732.0
255,3296.5,674.0,1760.0
256,3297.5,626.0,1732.0
257,3298.5,638.0,1694.0
258,3299.5,692.0,1594.0
259,3300.5,674.0,1652.0
260,3301.5,630.0,1582.0
261,3302.5,654.0,1576.0
262,3303.5,658.0,1540.0
263,3304.5,650.0,1550.0
264,3305.5,702.0,1494.0
265,3306.5,678.0,1484.0
266,3307.5,664.0,1444.0
267,3308.5,674.0,1434.0
268,3309.5,686.0,1390.0
269,3310.5,696.0,1348.0
270,3311.5,692.0,1356.0
271,3312.5,688.0,1284.0
272,3313.5,680.0,1260.0
273,3314.5,696.0,1214.0
274,3315.5,708.0,1242.0
275,3316.5,708.0,1182.0
276,3317.5,710.0,1100.0
277,3318.5,680.0,1144.0
278,3319.5,686.0,1106.0
279,3320.5,692.0,992.0
280,3321.5,644.0,1018.0
281,3322.5,714.0,942.0
282,3323.5,692.0,964.0
283,3324.5,670.0,992.0
284,3325.5,684.0,904.0
285,3326.5,636.0,906.0
286,3327.5,680.0,884.0
287,3328.5,648.0,840.0
288,3329.5,640.0,838.0
289,3330.5,652.0,782.0
290,3331.5,654.0,764.0
291,3332.5,666.0,772.0
292,3333.5,678.0,718.0
293,3334.5,650.0,750.0
294,3335.5,698.0,632.0
295,3336.5,694.0,666.0
296,3337.5,636.0,686.0
297,3338.5,638.0,666.0
298,3339.5,684.0,668.0
299,3340.5,662.0,684.0
300,3341.5,682.0,594.0
301,3342.5,652.0,574.0
302,3343.5,672.0,586.0
303,3344.5,662.0,566.0
304,3345.5,644.0,542.0
305,3346.5,644.0,562.0
306,3347.5,662.0,496.0
307,3348.5,664.0,532.0
308,3349.5,656.0,524.0
309,3350.5,656.0,494.0
310,3351.5,648.0,478.0
311,3352.5,662.0,462.0
312,3353.5,672.0,450.0
313,3354.5,666.0,444.0
314,3355.5,662.0,434.0
315,3356.5,706.0,448.0
316,3357.5,662.0,424.0
317,3358.5,666.0,378.0
318,3359.5,648.0,406.0
319,3360.5,724.0,426.0
320,3361.5,708.0,410.0
321,3362.5,708.0,354.0
322,3363.5,712.0,348.0
323,3364.5,712.0,342.0
324,3365.5,678.0,354.0
325,3366.5,698.0,348.0
326,3367.5,698.0,328.0
327,3368.5,688.0,290.0
328,3369.5,684.0,308.0
329,3370.5,676.0,286.0
330,3371.5,694.0,284.0
331,3372.5,688.0,258.0
332,3373.5,692.0,290.0
333,3374.5,690.0,238.0
334,3375.5,682.0,262.0
335,3376.5,680.0,234.0
336,3377.5,694.0,242.0
337,3378.5,652.0,218.0
338,3379.5,678.0,232.0
339,3380.5,662.0,212.0
340,3381.5,666.0,200.0
341,3382.5,650.0,228.0
342,3383.5,710.0,204.0
343,3384.5,632.0,188.0
344,3385.5,668.0,200.0
345,3386.5,640.0,168.0
346,3387.5,666.0,208.0
347,3388.5,674.0,180.0
348,3389.5,650.0,154.0
349,3390.5,654.0,152.0
350,3391.5,672.0,158.0
351,3392.5,644.0,160.0
352,3393.5,656.0,156.0
353,3394.5,640.0,148.0
354,3395.5,644.0,146.0
355,3396.5,626.0,136.0
356,3397.5,620.0,144.0
357,3398.5,592.0,128.0
358,3399.5,628.0,138.0
359,3400.5,656.0,134.0
360,3401.5,626.0,126.0
361,3402.5,650.0,122.0
362,3403.5,644.0,108.0
363,3404.5,650.0,118.0
364,3405.5,610.0,108.0
365,3406.5,598.0,106.0
366,3407.5,620.0,108.0
367,3408.5,616.0,106.0
368,3409.5,602.0,102.0
369,3410.5,594.0,96.0
370,3411.5,594.0,110.0
371,3412.5,612.0,94.0
372,3413.5,604.0,96.0
373,3414.5,572.0,96.0
374,3415.5,638.0,92.0
375,3416.5,596.0,102.0
376,3417.5,586.0,100.0
377,3418.5,606.0,88.0
378,3419.5,608.0,90.0
379,3420.5,574.0,76.0
380,3421.5,598.0,88.0
381,3422.5,588.0,86.0
382,3423.5,594.0,82.0
383,3424.5,590.0,76.0
384,3425.5,594.0,78.0
385,3426.5,550.0,80.0
386,3427.5,610.0,84.0
387,3428.5,604.0,74.0
388,3429.5,576.0,76.0
389,3430.5,560.0,66.0
390,3431.5,590.0,64.0
391,3432.5,574.0,72.0
392,3433.5,566.0,76.0
393,3434.5,552.0,74.0
394,3435.5,612.0,62.0
395,3436.5,588.0,64.0
396,3437.5,562.0,60.0
397,3438.5,556.0,70.0
398,3439.5,570.0,58.0
399,3440.5,536.0,72.0
400,3441.5,550.0,64.0
401,3442.5,540.0,72.0
402,3443.5,564.0,52.0
403,3444.5,542.0,58.0
404,3445.5,554.0,56.0
405,3446.5,540.0,56.0
406,3447.5,538.0,62.0
407,3448.5,522.0,58.0
408,3449.5,528.0,52.0
409,3450.5,540.0,58.0
410,3451.5,544.0,60.0
411,3452.5,532.0,54.0
412,3453.5,548.0,56.0
413,3454.5,532.0,50.0
414,3455.5,550.0,48.0
415,3456.5,506.0,50.0
416,3457.5,536.0,48.0
417,3458.5,518.0,56.0
418,3459.5,530.0,50.0
419,3460.5,504.0,56.0
420,3461.5,504.0,48.0
421,3462.5,538.0,50.0
422,3463.5,500.0,48.0
423,3464.5,528.0,48.0
424,3465.5,518.0,50.0
425,3466.5,502.0,50.0
426,3467.5,512.0,44.0
427,3468.5,478.0,40.0
428,3469.5,496.0,42.0
429,3470.5,500.0,42.0
430,3471.5,504.0,44.0
431,3472.5,482.0,44.0
432,3473.5,490.0,46.0
433,3474.5,512.0,38.0
434,3475.5,508.0,46.0
435,3476.5,498.0,46.0
436,3477.5,490.0,38.0
437,3478.5,510.0,46.0
438,3479.5,504.0,46.0
439,3480.5,454.0,40.0
440,3481.5,470.0,38.0
441,3482.5,482.0,36.0
442,3483.5,488.0,42.0
443,3484.5,496.0,38.0
444,3485.5,464.0,40.0
445,3486.5,484.0,34.0
446,3487.5,472.0,34.0
447,3488.5,486.0,40.0
448,3489.5,468.0,40.0
449,3490.5,498.0,36.0
450,3491.5,468.0,30.0
451,3492.5,484.0,36.0
452,3493.5,468.0,36.0
453,3494.5,466.0,28.0
454,3495.5,466.0,34.0
455,3496.5,468.0,32.0
456,3497.5,490.0,38.0
457,3498.5,452.0,36.0
458,3499.5,468.0,32.0
459,3500.5,472.0,36.0
460,3501.5,470.0,38.0
461,3502.5,438.0,30.0
462,3503.5,424.0,30.0
463,3504.5,428.0,38.0
464,3505.5,452.0,30.0
465,3506.5,454.0,40.0
466,3507.5,448.0,36.0
467,3508.5,468.0,30.0
468,3509.5,452.0,30.0
469,3510.5,452.0,30.0
470,3511.5,438.0,30.0
471,3512.5,420.0,32.0
472,3513.5,456.0,28.0
473,3514.5,408.0,28.0
474,3515.5,444.0,28.0
475,3516.5,448.0,26.0
476,3517.5,416.0,32.0
477,3518.5,416.0,32.0
478,3519.5,428.0,32.0
479,3520.5,448.0,30.0
480,3521.5,438.0,26.0
481,3522.5,424.0,30.0
482,3523.5,410.0,28.0
483,3524.5,442.0,30.0
484,3525.5,412.0,32.0
485,3526.5,420.0,32.0
486,3527.5,432.0,26.0
487,3528.5,414.0,28.0
488,3529.5,394.0,28.0
489,3530.5,418.0,26.0
490,3531.5,426.0,20.0
491,3532.5,412.0,26.0
492,3533.5,396.0,24.0
493,3534.5,388.0,26.0
494,3535.5,410.0,30.0
495,3536.5,420.0,26.0
496,3537.5,420.0,24.0
497,3538.5,404.0,28.0
498,3539.5,394.0,28.0
499,3540.5,396.0,30.0
500,3541.5,404.0,24.0
501,3542.5,378.0,22.0
502,3543.5,406.0,22.0
503,3544.5,396.0,26.0
504,3545.5,382.0,22.0
505,3546.5,394.0,26.0
506,3547.5,390.0,20.0
507,3548.5,394.0,26.0
508,3549.5,392.0,22.0
509,3550.5,390.0,22.0
510,3551.5,402.0,26.0
511,3552.5,408.0,26.0
512,3553.5,374.0,22.0
513,3554.5,400.0,24.0
514,3555.5,386.0,18.0
515,3556.5,396.0,18.0
516,3557.5,402.0,26.0
517,3558.5,404.0,22.0
518,3559.5,394.0,22.0
519,3560.5,386.0,18.0
520,3561.5,368.0,28.0
521,3562.5,366.0,28.0
522,3563.5,366.0,18.0
523,3564.5,376.0,22.0
524,3565.5,376.0,24.0
525,3566.5,372.0,18.0
526,3567.5,380.0,18.0
527,3568.5,374.0,16.0
528,3569.5,364.0,26.0
529,3570.5,352.0,22.0
530,3571.5,368.0,24.0
531,3572.5,376.0,22.0
532,3573.5,362.0,24.0
533,3574.5,360.0,18.0
534,3575.5,356.0,22.0
535,3576.5,380.0,22.0
536,3577.5,358.0,18.0
537,3578.5,374.0,14.0
538,3579.5,354.0,16.0
539,3580.5,360.0,20.0
540,3581.5,370.0,20.0
541,3582.5,372.0,22.0
542,3583.5,360.0,18.0
543,3584.5,364.0,18.0
544,3585.5,354.0,16.0
545,3586.5,366.0,20.0
546,3587.5,348.0,24.0
547,3588.5,348.0,22.0
548,3589.5,352.0,16.0
549,3590.5,336.0,20.0
550,3591.5,362.0,20.0
551,3592.5,354.0,18.0
552,3593.5,342.0,18.0
553,3594.5,344.0,20.0
554,3595.5,360.0,18.0
555,3596.5,368.0,20.0
556,3597.5,344.0,20.0
557,3598.5,342.0,16.0
558,3599.5,322.0,20.0
559,3600.5,340.0,18.0
560,3601.5,326.0,12.0
561,3602.5,336.0,18.0
562,3603.5,332.0,14.0
563,3604.5,334.0,18.0
564,3605.5,320.0,16.0
565,3606.5,342.0,18.0
566,3607.5,344.0,16.0
567,3608.5,334.0,18.0
568,3609.5,356.0,18.0
569,3610.5,336.0,18.0
570,3611.5,346.0,16.0
571,3612.5,326.0,20.0
572,3613.5,326.0,20.0
573,3614.5,326.0,16.0
574,3615.5,310.0,14.0
575,3616.5,318.0,16.0
576,3617.5,326.0,18.0
577,3618.5,322.0,18.0
578,3619.5,322.0,18.0
579,3620.5,332.0,16.0
580,3621.5,320.0,20.0
581,3622.5,344.0,16.0
582,3623.5,316.0,16.0
583,3624.5,320.0,10.0
584,3625.5,312.0,14.0
585,3626.5,312.0,20.0
586,3627.5,322.0,14.0
587,3628.5,306.0,16.0
588,3629.5,322.0,12.0
589,3630.5,310.0,16.0
590,3631.5,328.0,14.0
591,3632.5,316.0,16.0
592,3633.5,324.0,16.0
593,3634.5,304.0,14.0
594,3635.5,308.0,14.0
595,3636.5,308.0,14.0
596,3637.5,314.0,16.0
597,3638.5,304.0,14.0
598,3639.5,304.0,14.0
599,3640.5,330.0,14.0
600,3641.5,300.0,16.0
601,3642.5,310.0,14.0
602,3643.5,312.0,16.0
603,3644.5,296.0,12.0
604,3645.5,286.0,10.0
605,3646.5,296.0,10.0
606,3647.5,304.0,14.0
607,3648.5,290.0,12.0
608,3649.5,280.0,16.0
609,3650.5,300.0,16.0
610,3651.5,298.0,8.0
611,3652.5,306.0,12.0
612,3653.5,282.0,18.0
613,3654.5,286.0,10.0
614,3655.5,312.0,12.0
615,3656.5,308.0,12.0
616,3657.5,324.0,10.0
617,3658.5,294.0,12.0
618,3659.5,286.0,16.0
619,3660.5,280.0,14.0
620,3661.5,282.0,12.0
621,3662.5,278.0,12.0
622,3663.5,300.0,16.0
623,3664.5,300.0,16.0
624,3665.5,290.0,10.0
625,3666.5,298.0,12.0
626,3667.5,298.0,12.0
627,3668.5,272.0,14.0
628,3669.5,280.0,12.0
629,3670.5,294.0,14.0
630,3671.5,280.0,14.0
631,3672.5,264.0,12.0
632,3673.5,260.0,12.0
633,3674.5,276.0,18.0
634,3675.5,296.0,12.0
635,3676.5,280.0,10.0
636,3677.5,282.0,10.0
637,3678.5,282.0,10.0
638,3679.5,284.0,8.0
639,3680.5,272.0,12.0
640,3681.5,268.0,12.0
641,3682.5,276.0,12.0
642,3683.5,286.0,12.0
643,3684.5,288.0,14.0
644,3685.5,268.0,8.0
645,3686.5,290.0,10.0
646,3687.5,256.0,8.0
647,3688.5,286.0,12.0
648,3689.5,276.0,8.0
649,3690.5,278.0,10.0
650,3691.5,254.0,10.0
651,3692.5,274.0,6.0
652,3693.5,276.0,10.0
653,3694.5,286.0,12.0
654,3695.5,262.0,12.0
655,3696.5,280.0,12.0
656,3697.5,254.0,8.0
657,3698.5,266.0,12.0
658,3699.5,278.0,8.0
659,3700.5,272.0,10.0
660,3701.5,278.0,8.0
661,3702.5,252.0,12.0
662,3703.5,268.0,10.0
663,3704.5,260.0,10.0
664,3705.5,278.0,12.0
665,3706.5,266.0,12.0
666,3707.5,274.0,10.0
667,3708.5,250.0,10.0
668,3709.5,266.0,6.0
669,3710.5,254.0,8.0
670,3711.5,272.0,10.0
671,3712.5,256.0,8.0
672,3713.5,248.0,14.0
673,3714.5,256.0,10.0
674,3715.5,260.0,8.0
675,3716.5,258.0,8.0
676,3717.5,242.0,10.0
677,3718.5,260.0,14.0
678,3719.5,254.0,12.0
679,3720.5,236.0,6.0
680,3721.5,256.0,10.0
681,3722.5,250.0,8.0
682,3723.5,244.0,8.0
683,3724.5,256.0,10.0
684,3725.5,272.0,10.0
685,3726.5,248.0,10.0
686,3727.5,258.0,8.0
687,3728.5,252.0,8.0
688,3729.5,244.0,8.0
689,3730.5,246.0,8.0
690,3731.5,234.0,8.0
691,3732.5,244.0,10.0
692,3733.5,246.0,10.0
693,3734.5,256.0,8.0
694,3735.5,244.0,12.0
695,3736.5,246.0,8.0
696,3737.5,256.0,10.0
697,3738.5,264.0,8.0
698,3739.5,240.0,12.0
699,3740.5,256.0,8.0
700,3741.5,244.0,8.0
701,3742.5,238.0,8.0
702,3743.5,254.0,8.0
703,3744.5,234.0,8.0
704,3745.5,244.0,8.0
705,3746.5,248.0,6.0
706,3747.5,234.0,6.0
707,3748.5,232.0,8.0
708,3749.5,242.0,10.0
709,3750.5,232.0,8.0
710,3751.5,240.0,6.0
711,3752.5,226.0,6.0
712,3753.5,244.0,10.0
713,3754.5,248.0,6.0
714,3755.5,238.0,6.0
715,3756.5,230.0,10.0
716,3757.5,216.0,6.0
717,3758.5,236.0,10.0
718,3759.5,236.0,10.0
719,3760.5,242.0,8.0
720,3761.5,228.0,10.0
721,3762.5,240.0,6.0
722,3763.5,240.0,8.0
723,3764.5,220.0,6.0
724,3765.5,228.0,8.0
725,3766.5,212.0,8.0
726,3767.5,236.0,10.0
727,3768.5,220.0,4.0
728,3769.5,226.0,10.0
729,3770.5,234.0,6.0
730,3771.5,222.0,6.0
731,3772.5,224.0,6.0
732,3773.5,224.0,8.0
733,3774.5,220.0,8.0
734,3775.5,210.0,8.0
735,3776.5,240.0,10.0
736,3777.5,214.0,8.0
737,3778.5,224.0,12.0
738,3779.5,228.0,6.0
739,3780.5,234.0,8.0
740,3781.5,220.0,8.0
741,3782.5,226.0,6.0
742,3783.5,230.0,8.0
743,3784.5,212.0,4.0
744,3785.5,214.0,6.0
745,3786.5,208.0,6.0
746,3787.5,210.0,8.0
747,3788.5,204.0,6.0
748,3789.5,222.0,6.0
749,3790.5,216.0,8.0
750,3791.5,220.0,4.0
751,3792.5,206.0,4.0
752,3793.5,210.0,6.0
753,3794.5,200.0,6.0
754,3795.5,212.0,6.0
755,3796.5,230.0,6.0
756,3797.5,206.0,6.0
757,3798.5,200.0,6.0
758,3799.5,222.0,6.0
759,3800.5,216.0,4.0
760,3801.5,206.0,10.0
761,3802.5,214.0,4.0
762,3803.5,204.0,10.0
763,3804.5,194.0,4.0
764,3805.5,214.0,4.0
765,3806.5,196.0,8.0
766,3807.5,194.0,8.0
767,3808.5,230.0,6.0
768,3809.5,196.0,6.0
769,3810.5,212.0,4.0
770,3811.5,198.0,10.0
771,3812.5,210.0,6.0
772,3813.5,202.0,8.0
773,3814.5,178.0,6.0
774,3815.5,206.0,8.0
775,3816.5,204.0,6.0
776,3817.5,202.0,8.0
777,3818.5,200.0,6.0
778,3819.5,192.0,8.0
779,3820.5,194.0,6.0
780,3821.5,208.0,6.0
781,3822.5,210.0,6.0
782,3823.5,204.0,6.0
783,3824.5,200.0,6.0
784,3825.5,194.0,6.0
785,3826.5,206.0,6.0
786,3827.5,200.0,6.0
787,3828.5,192.0,4.0
788,3829.5,196.0,8.0
789,3830.5,194.0,8.0
790,3831.5,192.0,8.0
791,3832.5,192.0,6.0
792,3833.5,188.0,6.0
793,3834.5,198.0,6.0
794,3835.5,180.0,4.0
795,3836.5,178.0,4.0
796,3837.5,188.0,6.0
797,3838.5,176.0,6.0
798,3839.5,194.0,8.0
799,3840.5,182.0,6.0
800,3841.5,186.0,10.0
801,3842.5,202.0,6.0
802,3843.5,196.0,4.0
803,3844.5,170.0,2.0
804,3845.5,180.0,8.0
805,3846.5,178.0,4.0
806,3847.5,178.0,8.0
807,3848.5,182.0,4.0
808,3849.5,184.0,4.0
809,3850.5,186.0,4.0
810,3851.5,182.0,8.0
811,3852.5,188.0,6.0
812,3853.5,176.0,4.0
813,3854.5,180.0,4.0
814,3855.5,188.0,4.0
815,3856.5,168.0,6.0
816,3857.5,182.0,6.0
817,3858.5,182.0,4.0
818,3859.5,166.0,4.0
819,3860.5,162.0,6.0
820,3861.5,184.0,2.0
821,3862.5,176.0,6.0
822,3863.5,190.0,4.0
823,3864.5,182.0,6.0
824,3865.5,184.0,4.0
825,3866.5,178.0,4.0
826,3867.5,166.0,4.0
827,3868.5,186.0,4.0
828,3869.5,176.0,4.0
829,3870.5,186.0,4.0
830,3871.5,190.0,4.0
831,3872.5,176.0,6.0
832,3873.5,192.0,4.0
833,3874.5,182.0,4.0
834,3875.5,174.0,4.0
835,3876.5,184.0,4.0
836,3877.5,174.0,4.0
837,3878.5,170.0,6.0
838,3879.5,184.0,4.0
839,3880.5,166.0,6.0
840,3881.5,172.0,6.0
841,3882.5,176.0,4.0
842,3883.5,170.0,6.0
843,3884.5,182.0,4.0
844,3885.5,174.0,2.0
845,3886.5,180.0,2.0
846,3887.5,192.0,4.0
847,3888.5,186.0,4.0
848,3889.5,156.0,4.0
849,3890.5,162.0,4.0
850,3891.5,188.0,4.0
851,3892.5,178.0,4.0
852,3893.5,172.0,6.0
853,3894.5,164.0,2.0
854,3895.5,180.0,4.0
855,3896.5,172.0,4.0
856,3897.5,168.0,6.0
857,3898.5,178.0,4.0
858,3899.5,164.0,4.0
859,3900.5,162.0,4.0
860,3901.5,178.0,2.0
861,3902.5,160.0,2.0
862,3903.5,168.0,4.0
863,3904.5,176.0,4.0
864,3905.5,170.0,4.0
865,3906.5,162.0,4.0
866,3907.5,178.0,8.0
867,3908.5,172.0,4.0
868,3909.5,180.0,4.0
869,3910.5,172.0,2.0
870,3911.5,162.0,4.0
871,3912.5,164.0,2.0
872,3913.5,174.0,6.0
873,3914.5,160.0,6.0
874,3915.5,164.0,4.0
875,3916.5,160.0,4.0
876,3917.5,164.0,6.0
877,3918.5,164.0,6.0
878,3919.5,156.0,2.0
879,3920.5,152.0,6.0
880,3921.5,162.0,4.0
881,3922.5,166.0,4.0
882,3923.5,170.0,4.0
883,3924.5,160.0,4.0
884,3925.5,162.0,4.0
885,3926.5,158.0,4.0
886,3927.5,150.0,4.0
887,3928.5,162.0,2.0
888,3929.5,164.0,4.0
889,3930.5,158.0,2.0
890,3931.5,156.0,6.0
891,3932.5,156.0,6.0
892,3933.5,154.0,4.0
893,3934.5,166.0,2.0
894,3935.5,160.0,2.0
895,3936.5,154.0,4.0
896,3937.5,160.0,4.0
897,3938.5,162.0,4.0
898,3939.5,156.0,6.0
899,3940.5,156.0,2.0
900,3941.5,154.0,4.0
901,3942.5,174.0,4.0
902,3943.5,142.0,0.0
903,3944.5,160.0,6.0
904,3945.5,152.0,6.0
905,3946.5,152.0,4.0
906,3947.5,152.0,4.0
907,3948.5,146.0,4.0
908,3949.5,150.0,4.0
909,3950.5,166.0,8.0
910,3951.5,156.0,4.0
911,3952.5,150.0,4.0
912,3953.5,168.0,4.0
913,3954.5,146.0,2.0
914,3955.5,152.0,4.0
915,3956.5,162.0,4.0
916,3957.5,154.0,4.0
917,3958.5,152.0,4.0
918,3959.5,148.0,2.0
919,3960.5,154.0,6.0
920,3961.5,146.0,4.0
921,3962.5,142.0,2.0
922,3963.5,156.0,2.0
923,3964.5,168.0,2.0
924,3965.5,150.0,4.0
925,3966.5,146.0,4.0
926,3967.5,140.0,4.0
927,3968.5,156.0,2.0
928,3969.5,152.0,2.0
929,3970.5,144.0,2.0
930,3971.5,130.0,4.0
931,3972.5,148.0,4.0
932,3973.5,150.0,2.0
933,3974.5,144.0,4.0
934,3975.5,130.0,4.0
935,3976.5,126.0,4.0
936,3977.5,154.0,2.0
937,3978.5,158.0,2.0
938,3979.5,146.0,4.0
939,3980.5,152.0,4.0
940,3981.5,142.0,4.0
941,3982.5,138.0,2.0
942,3983.5,142.0,4.0
943,3984.5,150.0,4.0
944,3985.5,152.0,2.0
945,3986.5,146.0,4.0
946,3987.5,146.0,2.0
947,3988.5,134.0,2.0
948,3989.5,146.0,4.0
949,3990.5,150.0,4.0
950,3991.5,152.0,6.0
951,3992.5,146.0,4.0
952,3993.5,138.0,4.0
953,3994.5,146.0,2.0
954,3995.5,136.0,4.0
955,3996.5,154.0,4.0
956,3997.5,150.0,4.0
957,3998.5,144.0,2.0
958,3999.5,130.0,2.0
959,4000.5,138.0,4.0
960,4001.5,120.0,2.0
961,4002.5,136.0,4.0
962,4003.5,138.0,4.0
963,4004.5,142.0,2.0
964,4005.5,130.0,4.0
965,4006.5,132.0,4.0
966,4007.5,140.0,2.0
967,4008.5,126.0,2.0
968,4009.5,146.0,2.0
969,4010.5,122.0,2.0
970,4011.5,138.0,4.0
971,4012.5,134.0,4.0
972,4013.5,132.0,2.0
973,4014.5,130.0,2.0
974,4015.5,136.0,2.0
975,4016.5,140.0,2.0
976,4017.5,124.0,4.0
977,4018.5,132.0,2.0
978,4019.5,122.0,2.0
979,4020.5,132.0,2.0
980,4021.5,146.0,2.0
981,4022.5,122.0,2.0
982,4023.5,130.0,2.0
983,4024.5,118.0,4.0
984,4025.5,126.0,2.0
985,4026.5,126.0,2.0
986,4027.5,142.0,2.0
987,4028.5,132.0,2.0
988,4029.5,140.0,2.0
989,4030.5,138.0,4.0
990,4031.5,126.0,2.0
991,4032.5,136.0,2.0
992,4033.5,128.0,2.0
993,4034.5,124.0,2.0
994,4035.5,140.0,2.0
995,4036.5,132.0,0.0
996,4037.5,130.0,2.0
997,4038.5,122.0,2.0
998,4039.5,136.0,4.0
999,4040.5,124.0,0.0
1000,4041.5,128.0,2.0
1001,4042.5,138.0,4.0
1002,4043.5,116.0,2.0
1003,4044.5,126.0,2.0
1004,4045.5,116.0,2.0
1005,4046.5,122.0,4.0
1006,4047.5,120.0,2.0
1007,4048.5,116.0,2.0
1008,4049.5,136.0,4.0
1009,4050.5,122.0,2.0
1010,4051.5,132.0,2.0
1011,4052.5,118.0,4.0
1012,4053.5,120.0,0.0
1013,4054.5,124.0,2.0
1014,4055.5,122.0,2.0
1015,4056.5,114.0,0.0
1016,4057.5,126.0,4.0
1017,4058.5,130.0,2.0
1018,4059.5,120.0,4.0
1019,4060.5,122.0,4.0
1020,4061.5,118.0,2.0
1021,4062.5,130.0,4.0
1022,4063.5,126.0,2.0
1023,4064.5,120.0,2.0
1024,4065.5,116.0,2.0
1025,4066.5,114.0,2.0
1026,4067.5,120.0,2.0
1027,4068.5,128.0,2.0
1028,4069.5,114.0,2.0
1029,4070.5,116.0,2.0
1030,4071.5,120.0,2.0
1031,4072.5,116.0,2.0
1032,4073.5,112.0,2.0
1033,4074.5,118.0,2.0
1034,4075.5,128.0,2.0
1035,4076.5,108.0,2.0
1036,4077.5,122.0,2.0
1037,4078.5,112.0,2.0
1038,4079.5,100.0,2.0
1039,4080.5,110.0,2.0
1040,4081.5,114.0,2.0
1041,4082.5,112.0,2.0
1042,4083.5,130.0,2.0
1043,4084.5,122.0,2.0
1044,4085.5,116.0,2.0
1045,4086.5,118.0,2.0
1046,4087.5,110.0,2.0
1047,4088.5,116.0,2.0
1048,4089.5,116.0,4.0
1049,4090.5,112.0,2.0
1050,4091.5,120.0,2.0
1051,4092.5,120.0,2.0
1052,4093.5,116.0,4.0
1053,4094.5,116.0,2.0
1054,4095.5,112.0,2.0
1055,4096.5,114.0,2.0
1056,4097.5,116.0,2.0
1057,4098.5,108.0,2.0
1058,4099.5,110.0,2.0
1059,4100.5,116.0,2.0
1060,4101.5,112.0,2.0
1061,4102.5,106.0,0.0
1062,4103.5,112.0,2.0
1063,4104.5,122.0,2.0
1064,4105.5,120.0,2.0
1065,4106.5,98.0,0.0
1066,4107.5,94.0,2.0
1067,4108.5,102.0,0.0
1068,4109.5,106.0,2.0
1069,4110.5,110.0,2.0
1070,4111.5,106.0,2.0
1071,4112.5,110.0,2.0
1072,4113.5,114.0,4.0
1073,4114.5,104.0,2.0
1074,4115.5,108.0,2.0
1075,4116.5,104.0,4.0
1076,4117.5,106.0,2.0
1077,4118.5,100.0,4.0
1078,4119.5,116.0,2.0
1079,4120.5,106.0,2.0
1080,4121.5,114.0,2.0
1081,4122.5,108.0,2.0
1082,4123.5,110.0,2.0
1083,4124.5,108.0,2.0
1084,4125.5,110.0,2.0
1085,4126.5,108.0,2.0
1086,4127.5,104.0,2.0
1087,4128.5,110.0,2.0
1088,4129.5,104.0,2.0
1089,4130.5,106.0,0.0
1090,4131.5,106.0,0.0
1091,4132.5,98.0,0.0
1092,4133.5,104.0,2.0
1093,4134.5,94.0,2.0
1094,4135.5,114.0,4.0
1095,4136.5,106.0,2.0
1096,4137.5,102.0,2.0
1097,4138.5,106.0,2.0
1098,4139.5,108.0,2.0
1099,4140.5,100.0,2.0
1100,4141.5,96.0,0.0
1101,4142.5,88.0,2.0
1102,4143.5,104.0,2.0
1103,4144.5,108.0,2.0
1104,4145.5,102.0,0.0
1105,4146.5,112.0,0.0
1106,4147.5,102.0,2.0
1107,4148.5,90.0,2.0
1108,4149.5,102.0,2.0
1109,4150.5,98.0,2.0
1110,4151.5,104.0,2.0
1111,4152.5,108.0,2.0
1112,4153.5,104.0,2.0
1113,4154.5,106.0,4.0
1114,4155.5,110.0,2.0
1115,4156.5,108.0,4.0
1116,4157.5,100.0,0.0
1117,4158.5,96.0,2.0
1118,4159.5,102.0,0.0
1119,4160.5,100.0,2.0
1120,4161.5,94.0,0.0
1121,4162.5,98.0,2.0
1122,4163.5,90.0,4.0
1123,4164.5,92.0,2.0
1124,4165.5,96.0,2.0
1125,4166.5,100.0,0.0
1126,4167.5,114.0,0.0
1127,4168.5,92.0,2.0
1128,4169.5,96.0,0.0
1129,4170.5,104.0,2.0
1130,4171.5,102.0,2.0
1131,4172.5,98.0,2.0
1132,4173.5,86.0,0.0
1133,4174.5,98.0,2.0
1134,4175.5,98.0,2.0
1135,4176.5,90.0,0.0
1136,4177.5,96.0,2.0
1137,4178.5,96.0,2.0
1138,4179.5,100.0,2.0
1139,4180.5,84.0,2.0
1140,4181.5,104.0,2.0
1141,4182.5,100.0,0.0
1142,4183.5,84.0,2.0
1143,4184.5,88.0,2.0
1144,4185.5,86.0,0.0
1145,4186.5,90.0,2.0
1146,4187.5,90.0,2.0
1147,4188.5,86.0,2.0
1148,4189.5,96.0,0.0
1149,4190.5,110.0,2.0
1150,4191.5,90.0,2.0
1151,4192.5,88.0,0.0
1152,4193.5,80.0,2.0
1153,4194.5,86.0,0.0
1154,4195.5,96.0,2.0
1155,4196.5,86.0,0.0
1156,4197.5,96.0,2.0
1157,4198.5,90.0,0.0
1158,4199.5,90.0,4.0
1159,4200.5,98.0,2.0
1160,4201.5,84.0,2.0
1161,4202.5,92.0,0.0
1162,4203.5,86.0,2.0
1163,4204.5,84.0,2.0
1164,4205.5,98.0,2.0
1165,4206.5,96.0,0.0
1166,4207.5,90.0,0.0
1167,4208.5,92.0,0.0
1168,4209.5,92.0,2.0
1169,4210.5,94.0,0.0
1170,4211.5,94.0,2.0
1171,4212.5,88.0,2.0
1172,4213.5,84.0,2.0
1173,4214.5,78.0,2.0
1174,4215.5,92.0,0.0
1175,4216.5,88.0,2.0
1176,4217.5,86.0,2.0
1177,4218.5,88.0,0.0
1178,4219.5,94.0,0.0
1179,4220.5,82.0,2.0
1180,4221.5,80.0,0.0
1181,4222.5,80.0,2.0
1182,4223.5,82.0,0.0
1183,4224.5,92.0,2.0
1184,4225.5,90.0,0.0
1185,4226.5,96.0,0.0
1186,4227.5,76.0,0.0
1187,4228.5,82.0,2.0
1188,4229.5,82.0,0.0
1189,4230.5,88.0,0.0
1190,4231.5,86.0,2.0
1191,4232.5,80.0,2.0
1192,4233.5,90.0,0.0
1193,4234.5,84.0,2.0
1194,4235.5,90.0,2.0
1195,4236.5,90.0,2.0
1196,4237.5,84.0,2.0
1197,4238.5,84.0,2.0
1198,4239.5,84.0,0.0
1199,4240.5,82.0,2.0
1200,4241.5,88.0,2.0
1201,4242.5,88.0,2.0
1202,4243.5,88.0,0.0
1203,4244.5,86.0,0.0
1204,4245.5,100.0,2.0
1205,4246.5,76.0,0.0
1206,4247.5,88.0,0.0
1207,4248.5,88.0,0.0
1208,4249.5,82.0,4.0
1209,4250.5,72.0,2.0
1210,4251.5,78.0,2.0
1211,4252.5,82.0,2.0
1212,4253.5,80.0,2.0
1213,4254.5,88.0,0.0
1214,4255.5,80.0,0.0
1215,4256.5,84.0,0.0
1216,4257.5,78.0,0.0
1217,4258.5,82.0,2.0
1218,4259.5,86.0,2.0
1219,4260.5,86.0,0.0
1220,4261.5,90.0,0.0
1221,4262.5,84.0,0.0
1222,4263.5,82.0,2.0
1223,4264.5,76.0,0.0
1224,4265.5,84.0,0.0
1225,4266.5,80.0,0.0
1226,4267.5,70.0,2.0
1227,4268.5,76.0,0.0
1228,4269.5,80.0,0.0
1229,4270.5,88.0,0.0
1230,4271.5,80.0,0.0
1231,4272.5,96.0,2.0
1232,4273.5,76.0,0.0
1233,4274.5,76.0,0.0
1234,4275.5,94.0,2.0
1235,4276.5,68.0,2.0
1236,4277.5,82.0,2.0
1237,4278.5,84.0,0.0
1238,4279.5,78.0,2.0
1239,4280.5,66.0,0.0
1240,4281.5,78.0,2.0
1241,4282.5,80.0,0.0
1242,4283.5,80.0,0.0
1243,4284.5,76.0,0.0
1244,4285.5,76.0,0.0
1245,4286.5,78.0,0.0
1246,4287.5,86.0,0.0
1247,4288.5,72.0,0.0
1248,4289.5,74.0,2.0
1249,4290.5,74.0,0.0
1250,4291.5,64.0,0.0
1251,4292.5,86.0,0.0
1252,4293.5,72.0,0.0
1253,4294.5,72.0,2.0
1254,4295.5,82.0,2.0
1255,4296.5,74.0,2.0
1256,4297.5,76.0,0.0
1257,4298.5,76.0,2.0
1258,4299.5,80.0,0.0
1259,4300.5,76.0,2.0
1260,4301.5,80.0,0.0
1261,4302.5,76.0,0.0
1262,4303.5,70.0,2.0
1263,4304.5,72.0,2.0
1264,4305.5,70.0,0.0
1265,4306.5,68.0,2.0
1266,4307.5,80.0,0.0
1267,4308.5,70.0,0.0
1268,4309.5,76.0,0.0
1269,4310.5,82.0,0.0
1270,4311.5,70.0,2.0
1271,4312.5,64.0,2.0
1272,4313.5,64.0,0.0
1273,4314.5,74.0,0.0
1274,4315.5,62.0,2.0
1275,4316.5,68.0,0.0
1276,4317.5,78.0,0.0
1277,4318.5,68.0,0.0
1278,4319.5,70.0,0.0
1279,4320.5,68.0,0.0
1280,4321.5,68.0,0.0
1281,4322.5,74.0,2.0
1282,4323.5,84.0,0.0
1283,4324.5,64.0,0.0
1284,4325.5,60.0,2.0
1285,4326.5,74.0,0.0
1286,4327.5,66.0,0.0
1287,4328.5,74.0,0.0
1288,4329.5,72.0,2.0
1289,4330.5,70.0,0.0
1290,4331.5,72.0,0.0
1291,4332.5,68.0,2.0
1292,4333.5,70.0,2.0
1293,4334.5,72.0,2.0
1294,4335.5,66.0,2.0
1295,4336.5,66.0,0.0
1296,4337.5,70.0,0.0
1297,4338.5,70.0,2.0
1298,4339.5,70.0,2.0
1299,4340.5,72.0,2.0
1300,4341.5,62.0,0.0
1301,4342.5,68.0,0.0
1302,4343.5,62.0,0.0
1303,4344.5,62.0,0.0
1304,4345.5,72.0,0.0
1305,4346.5,68.0,0.0
1306,4347.5,68.0,0.0
1307,4348.5,70.0,0.0
1308,4349.5,64.0,0.0
1309,4350.5,58.0,2.0
1310,4351.5,72.0,2.0
1311,4352.5,70.0,0.0
1312,4353.5,64.0,2.0
1313,4354.5,72.0,0.0
1314,4355.5,74.0,2.0
1315,4356.5,66.0,0.0
1316,4357.5,72.0,0.0
1317,4358.5,62.0,0.0
1318,4359.5,64.0,0.0
1319,4360.5,66.0,0.0
1320,4361.5,66.0,0.0
1321,4362.5,72.0,2.0
1322,4363.5,64.0,0.0
1323,4364.5,68.0,2.0
1324,4365.5,64.0,2.0
1325,4366.5,66.0,0.0
1326,4367.5,74.0,0.0
1327,4368.5,58.0,0.0
1328,4369.5,66.0,0.0
1329,4370.5,56.0,0.0
1330,4371.5,64.0,0.0
1331,4372.5,62.0,0.0
1332,4373.5,74.0,0.0
1333,4374.5,54.0,0.0
1334,4375.5,72.0,2.0
1335,4376.5,68.0,0.0
1336,4377.5,58.0,0.0
1337,4378.5,64.0,0.0
1338,4379.5,56.0,2.0
1339,4380.5,68.0,0.0
1340,4381.5,58.0,0.0
1341,4382.5,64.0,0.0
1342,4383.5,62.0,0.0
1343,4384.5,62.0,0.0
1344,4385.5,56.0,2.0
1345,4386.5,64.0,0.0
1346,4387.5,62.0,0.0
1347,4388.5,64.0,0.0
1348,4389.5,62.0,2.0
1349,4390.5,54.0,0.0
1350,4391.5,68.0,0.0
1351,4392.5,60.0,0.0
1352,4393.5,62.0,0.0
1353,4394.5,64.0,0.0
1354,4395.5,66.0,0.0
1355,4396.5,64.0,0.0
1356,4397.5,68.0,0.0
1357,4398.5,58.0,0.0
1358,4399.5,62.0,0.0
1359,4400.5,60.0,0.0
1360,4401.5,62.0,0.0
1361,4402.5,62.0,2.0
1362,4403.5,68.0,2.0
1363,4404.5,56.0,0.0
1364,4405.5,64.0,2.0
1365,4406.5,62.0,0.0
1366,4407.5,58.0,2.0
1367,4408.5,58.0,0.0
1368,4409.5,62.0,0.0
1369,4410.5,60.0,0.0
1370,4411.5,54.0,0.0
1371,4412.5,46.0,0.0
1372,4413.5,56.0,0.0
1373,4414.5,60.0,0.0
1374,4415.5,64.0,0.0
1375,4416.5,64.0,2.0
1376,4417.5,58.0,0.0
1377,4418.5,56.0,0.0
1378,4419.5,52.0,0.0
1379,4420.5,56.0,0.0
1380,4421.5,60.0,0.0
1381,4422.5,64.0,0.0
1382,4423.5,58.0,0.0
1383,4424.5,58.0,0.0
1384,4425.5,58.0,0.0
1385,4426.5,50.0,0.0
1386,4427.5,60.0,0.0
1387,4428.5,60.0,0.0
1388,4429.5,58.0,0.0
1389,4430.5,60.0,0.0
1390,4431.5,52.0,2.0
1391,4432.5,56.0,0.0
1392,4433.5,52.0,0.0
1393,4434.5,54.0,2.0
1394,4435.5,50.0,0.0
1395,4436.5,46.0,0.0
1396,4437.5,56.0,0.0
1397,4438.5,58.0,0.0
1398,4439.5,54.0,0.0
1399,4440.5,58.0,0.0
1400,4441.5,50.0,0.0
1401,4442.5,54.0,0.0
1402,4443.5,58.0,0.0
1403,4444.5,56.0,0.0
1404,4445.5,48.0,0.0
1405,4446.5,60.0,2.0
1406,4447.5,58.0,0.0
1407,4448.5,48.0,0.0
1408,4449.5,52.0,0.0
1409,4450.5,52.0,0.0
1410,4451.5,56.0,2.0
1411,4452.5,52.0,2.0
1412,4453.5,54.0,0.0
1413,4454.5,44.0,0.0
1414,4455.5,54.0,0.0
1415,4456.5,52.0,0.0
1416,4457.5,58.0,0.0
1417,4458.5,60.0,0.0
1418,4459.5,60.0,0.0
1419,4460.5,58.0,0.0
1420,4461.5,58.0,0.0
1421,4462.5,56.0,0.0
1422,4463.5,52.0,0.0
1423,4464.5,56.0,0.0
1424,4465.5,50.0,0.0
1425,4466.5,56.0,0.0
1426,4467.5,56.0,0.0
1427,4468.5,52.0,0.0
1428,4469.5,60.0,0.0
1429,4470.5,56.0,0.0
1430,4471.5,56.0,0.0
1431,4472.5,62.0,0.0
1432,4473.5,50.0,0.0
1433,4474.5,50.0,0.0
1434,4475.5,58.0,0.0
1435,4476.5,52.0,2.0
1436,4477.5,48.0,0.0
1437,4478.5,56.0,0.0
1438,4479.5,48.0,0.0
1439,4480.5,52.0,0.0
1440,4481.5,52.0,0.0
1441,4482.5,54.0,0.0
1442,4483.5,56.0,0.0
1443,4484.5,48.0,0.0
1444,4485.5,52.0,0.0
1445,4486.5,54.0,0.0
1446,4487.5,56.0,0.0
1447,4488.5,50.0,0.0
1448,4489.5,56.0,0.0
1449,4490.5,48.0,0.0
1450,4491.5,56.0,0.0
1451,4492.5,42.0,0.0
1452,4493.5,54.0,0.0
1453,4494.5,42.0,0.0
1454,4495.5,50.0,0.0
1455,4496.5,52.0,0.0
1456,4497.5,52.0,0.0
1457,4498.5,44.0,0.0
1458,4499.5,48.0,0.0
1459,4500.5,52.0,0.0
1460,4501.5,52.0,0.0
1461,4502.5,52.0,0.0
1462,4503.5,54.0,0.0
1463,4504.5,42.0,0.0
1464,4505.5,48.0,0.0
1465,4506.5,48.0,0.0
1466,4507.5,56.0,0.0
1467,4508.5,54.0,0.0
1468,4509.5,46.0,0.0
1469,4510.5,50.0,0.0
1470,4511.5,40.0,0.0
1471,4512.5,50.0,0.0
1472,4513.5,48.0,0.0
1473,4514.5,42.0,0.0
1474,4515.5,46.0,0.0
1475,4516.5,42.0,0.0
1476,4517.5,46.0,0.0
1477,4518.5,46.0,0.0
1478,4519.5,48.0,0.0
1479,4520.5,50.0,0.0
1480,4521.5,50.0,0.0
1481,4522.5,54.0,0.0
1482,4523.5,50.0,0.0
1483,4524.5,50.0,0.0
1484,4525.5,50.0,2.0
1485,4526.5,46.0,0.0
1486,4527.5,48.0,0.0
1487,4528.5,46.0,0.0
1488,4529.5,46.0,0.0
1489,4530.5,42.0,0.0
1490,4531.5,44.0,0.0
1491,4532.5,48.0,0.0
1492,4533.5,44.0,0.0
1493,4534.5,48.0,0.0
1494,4535.5,46.0,0.0
1495,4536.5,48.0,2.0
1496,4537.5,48.0,0.0
1497,4538.5,38.0,0.0
1498,4539.5,42.0,0.0
1499,4540.5,50.0,0.0
1500,4541.5,50.0,0.0
1501,4542.5,50.0,0.0
1502,4543.5,38.0,0.0
1503,4544.5,42.0,0.0
1504,4545.5,42.0,0.0
1505,4546.5,48.0,0.0
1506,4547.5,42.0,0.0
1507,4548.5,40.0,0.0
1508,4549.5,40.0,0.0
1509,4550.5,44.0,0.0
1510,4551.5,44.0,0.0
1511,4552.5,40.0,0.0
1512,4553.5,44.0,0.0
1513,4554.5,42.0,0.0
1514,4555.5,44.0,0.0
1515,4556.5,48.0,0.0
1516,4557.5,46.0,2.0
1517,4558.5,34.0,0.0
1518,4559.5,38.0,0.0
1519,4560.5,44.0,0.0
1520,4561.5,44.0,0.0
1521,4562.5,40.0,0.0
1522,4563.5,44.0,0.0
1523,4564.5,44.0,0.0
1524,4565.5,44.0,0.0
1525,4566.5,42.0,0.0
1526,4567.5,48.0,0.0
1527,4568.5,48.0,0.0
1528,4569.5,42.0,0.0
1529,4570.5,40.0,0.0
1530,4571.5,44.0,0.0
1531,4572.5,38.0,0.0
1532,4573.5,36.0,0.0
1533,4574.5,44.0,0.0
1534,4575.5,44.0,0.0
1535,4576.5,40.0,0.0
1536,4577.5,42.0,0.0
1537,4578.5,34.0,0.0
1538,4579.5,44.0,0.0
1539,4580.5,40.0,0.0
1540,4581.5,38.0,0.0
1541,4582.5,44.0,0.0
1542,4583.5,40.0,0.0
1543,4584.5,36.0,0.0
1544,4585.5,42.0,0.0
1545,4586.5,38.0,0.0
1546,4587.5,48.0,0.0
1547,4588.5,46.0,0.0
1548,4589.5,46.0,0.0
1549,4590.5,38.0,0.0
1550,4591.5,42.0,0.0
1551,4592.5,44.0,0.0
1552,4593.5,42.0,0.0
1553,4594.5,40.0,0.0
1554,4595.5,38.0,0.0
1555,4596.5,40.0,0.0
1556,4597.5,38.0,0.0
1557,4598.5,44.0,0.0
1558,4599.5,40.0,0.0
1559,4600.5,44.0,0.0
1560,4601.5,46.0,0.0
1561,4602.5,36.0,0.0
1562,4603.5,32.0,0.0
1563,4604.5,34.0,0.0
1564,4605.5,44.0,0.0
1565,4606.5,38.0,0.0
1566,4607.5,38.0,0.0
1567,4608.5,46.0,0.0
1568,4609.5,42.0,0.0
1569,4610.5,36.0,0.0
1570,4611.5,38.0,0.0
1571,4612.5,38.0,0.0
1572,4613.5,42.0,0.0
1573,4614.5,40.0,0.0
1574,4615.5,32.0,0.0
1575,4616.5,36.0,0.0
1576,4617.5,36.0,0.0
1577,4618.5,34.0,0.0
1578,4619.5,36.0,0.0
1579,4620.5,36.0,0.0
1580,4621.5,38.0,0.0
1581,4622.5,34.0,0.0
1582,4623.5,38.0,0.0
1583,4624.5,36.0,0.0
1584,4625.5,38.0,0.0
1585,4626.5,38.0,0.0
1586,4627.5,38.0,0.0
1587,4628.5,40.0,0.0
1588,4629.5,36.0,0.0
1589,4630.5,40.0,0.0
1590,4631.5,34.0,0.0
1591,4632.5,44.0,2.0
1592,4633.5,36.0,0.0
1593,4634.5,42.0,0.0
1594,4635.5,38.0,0.0
1595,4636.5,46.0,0.0
1596,4637.5,32.0,0.0
1597,4638.5,40.0,0.0
1598,4639.5,38.0,0.0
1599,4640.5,38.0,0.0
1600,4641.5,36.0,0.0
1601,4642.5,32.0,2.0
1602,4643.5,42.0,0.0
1603,4644.5,46.0,0.0
1604,4645.5,32.0,0.0
1605,4646.5,42.0,0.0
1606,4647.5,38.0,0.0
1607,4648.5,34.0,0.0
1608,4649.5,38.0,0.0
1609,4650.5,36.0,0.0
1610,4651.5,34.0,0.0
1611,4652.5,30.0,0.0
1612,4653.5,36.0,0.0
1613,4654.5,36.0,0.0
1614,4655.5,42.0,0.0
1615,4656.5,38.0,0.0
1616,4657.5,38.0,0.0
1617,4658.5,34.0,0.0
1618,4659.5,34.0,0.0
1619,4660.5,34.0,0.0
1620,4661.5,32.0,0.0
1621,4662.5,36.0,0.0
1622,4663.5,40.0,0.0
1623,4664.5,34.0,0.0
1624,4665.5,32.0,0.0
1625,4666.5,42.0,0.0
1626,4667.5,38.0,0.0
1627,4668.5,40.0,0.0
1628,4669.5,30.0,0.0
1629,4670.5,36.0,0.0
1630,4671.5,38.0,0.0
1631,4672.5,34.0,0.0
1632,4673.5,28.0,0.0
1633,4674.5,36.0,0.0
1634,4675.5,44.0,0.0
1635,4676.5,38.0,0.0
1636,4677.5,38.0,0.0
1637,4678.5,36.0,0.0
1638,4679.5,42.0,0.0
1639,4680.5,38.0,0.0
1640,4681.5,32.0,0.0
1641,4682.5,38.0,0.0
1642,4683.5,36.0,0.0
1643,4684.5,34.0,0.0
1644,4685.5,40.0,0.0
1645,4686.5,36.0,0.0
1646,4687.5,34.0,0.0
1647,4688.5,36.0,0.0
1648,4689.5,32.0,2.0
1649,4690.5,42.0,0.0
1650,4691.5,32.0,0.0
1651,4692.5,36.0,0.0
1652,4693.5,32.0,0.0
1653,4694.5,38.0,0.0
1654,4695.5,38.0,0.0
1655,4696.5,30.0,0.0
1656,4697.5,34.0,0.0
1657,4698.5,36.0,0.0
1658,4699.5,34.0,0.0
1659,4700.5,34.0,0.0
1660,4701.5,36.0,0.0
1661,4702.5,32.0,0.0
1662,4703.5,32.0,0.0
1663,4704.5,34.0,0.0
1664,4705.5,34.0,0.0
1665,4706.5,28.0,0.0
1666,4707.5,32.0,0.0
1667,4708.5,36.0,0.0
1668,4709.5,32.0,0.0
1669,4710.5,28.0,0.0
1670,4711.5,28.0,0.0
1671,4712.5,36.0,0.0
1672,4713.5,32.0,0.0
1673,4714.5,34.0,0.0
1674,4715.5,32.0,0.0
1675,4716.5,38.0,0.0
1676,4717.5,36.0,0.0
1677,4718.5,28.0,0.0
1678,4719.5,24.0,0.0
1679,4720.5,30.0,0.0
1680,4721.5,36.0,0.0
1681,4722.5,26.0,0.0
1682,4723.5,30.0,0.0
1683,4724.5,34.0,0.0
1684,4725.5,32.0,0.0
1685,4726.5,36.0,0.0
1686,4727.5,30.0,0.0
1687,4728.5,32.0,0.0
1688,4729.5,28.0,0.0
1689,4730.5,32.0,0.0
1690,4731.5,32.0,0.0
1691,4732.5,30.0,0.0
1692,4733.5,30.0,0.0
1693,4734.5,28.0,0.0
1694,4735.5,34.0,0.0
1695,4736.5,30.0,0.0
1696,4737.5,32.0,0.0
1697,4738.5,32.0,0.0
1698,4739.5,32.0,0.0
1699,4740.5,28.0,0.0
1700,4741.5,30.0,0.0
1701,4742.5,28.0,0.0
1702,4743.5,26.0,0.0
1703,4744.5,28.0,0.0
1704,4745.5,30.0,0.0
1705,4746.5,30.0,0.0
1706,4747.5,32.0,0.0
1707,4748.5,30.0,0.0
1708,4749.5,22.0,0.0
1709,4750.5,32.0,0.0
1710,4751.5,30.0,0.0
1711,4752.5,30.0,0.0
1712,4753.5,24.0,0.0
1713,4754.5,28.0,0.0
1714,4755.5,32.0,0.0
1715,4756.5,32.0,0.0
1716,4757.5,30.0,0.0
1717,4758.5,32.0,0.0
1718,4759.5,30.0,0.0
1719,4760.5,32.0,0.0
1720,4761.5,32.0,0.0
1721,4762.5,32.0,0.0
1722,4763.5,28.0,0.0
1723,4764.5,34.0,0.0
1724,4765.5,28.0,0.0
1725,4766.5,32.0,0.0
1726,4767.5,22.0,0.0
1727,4768.5,26.0,0.0
1728,4769.5,28.0,0.0
1729,4770.5,28.0,0.0
1730,4771.5,28.0,0.0
1731,4772.5,26.0,0.0
1732,4773.5,26.0,0.0
1733,4774.5,24.0,0.0
1734,4775.5,28.0,0.0
1735,4776.5,34.0,0.0
1736,4777.5,26.0,0.0
1737,4778.5,34.0,0.0
1738,4779.5,26.0,0.0
1739,4780.5,30.0,0.0
1740,4781.5,28.0,0.0
1741,4782.5,26.0,0.0
1742,4783.5,32.0,0.0
1743,4784.5,28.0,0.0
1744,4785.5,28.0,0.0
1745,4786.5,22.0,0.0
1746,4787.5,22.0,0.0
1747,4788.5,24.0,0.0
1748,4789.5,24.0,0.0
1749,4790.5,22.0,0.0
1750,4791.5,28.0,0.0
1751,4792.5,26.0,0.0
1752,4793.5,30.0,0.0
1753,4794.5,30.0,0.0
1754,4795.5,26.0,0.0
1755,4796.5,26.0,0.0
1756,4797.5,24.0,0.0
1757,4798.5,30.0,0.0
1758,4799.5,22.0,0.0
1759,4800.5,26.0,0.0
1760,4801.5,24.0,0.0
1761,4802.5,28.0,0.0
1762,4803.5,24.0,0.0
1763,4804.5,28.0,0.0
1764,4805.5,24.0,0.0
1765,4806.5,26.0,0.0
1766,4807.5,26.0,0.0
1767,4808.5,24.0,0.0
1768,4809.5,30.0,0.0
1769,4810.5,24.0,0.0
1770,4811.5,22.0,0.0
1771,4812.5,30.0,0.0
1772,4813.5,30.0,0.0
1773,4814.5,24.0,0.0
1774,4815.5,26.0,0.0
1775,4816.5,26.0,0.0
1776,4817.5,30.0,0.0
1777,4818.5,28.0,0.0
1778,4819.5,32.0,0.0
1779,4820.5,24.0,0.0
1780,4821.5,24.0,0.0
1781,4822.5,28.0,0.0
1782,4823.5,24.0,0.0
1783,4824.5,24.0,0.0
1784,4825.5,24.0,0.0
1785,4826.5,28.0,0.0
1786,4827.5,24.0,0.0
1787,4828.5,32.0,0.0
1788,4829.5,28.0,0.0
1789,4830.5,28.0,0.0
1790,4831.5,22.0,0.0
1791,4832.5,24.0,0.0
1792,4833.5,26.0,0.0
1793,4834.5,30.0,0.0
1794,4835.5,26.0,0.0
1795,4836.5,22.0,0.0
1796,4837.5,26.0,0.0
1797,4838.5,28.0,0.0
1798,4839.5,30.0,0.0
1799,4840.5,28.0,0.0
1800,4841.5,28.0,0.0
1801,4842.5,26.0,0.0
1802,4843.5,28.0,0.0
1803,4844.5,24.0,0.0
1804,4845.5,26.0,0.0
1805,4846.5,24.0,0.0
1806,4847.5,26.0,0.0
1807,4848.5,20.0,0.0
1808,4849.5,28.0,0.0
1809,4850.5,28.0,0.0
1810,4851.5,20.0,0.0
1811,4852.5,26.0,0.0
1812,4853.5,28.0,0.0
1813,4854.5,22.0,0.0
1814,4855.5,22.0,0.0
1815,4856.5,26.0,0.0
1816,4857.5,22.0,0.0
1817,4858.5,24.0,0.0
1818,4859.5,24.0,0.0
1819,4860.5,24.0,0.0
1820,4861.5,22.0,0.0
1821,4862.5,20.0,0.0
1822,4863.5,28.0,0.0
1823,4864.5,26.0,0.0
1824,4865.5,26.0,0.0
1825,4866.5,22.0,0.0
1826,4867.5,24.0,0.0
1827,4868.5,18.0,0.0
1828,4869.5,18.0,0.0
1829,4870.5,18.0,0.0
1830,4871.5,24.0,0.0
1831,4872.5,18.0,0.0
1832,4873.5,24.0,0.0
1833,4874.5,20.0,0.0
1834,4875.5,22.0,0.0
1835,4876.5,20.0,0.0
1836,4877.5,16.0,0.0
1837,4878.5,20.0,0.0
1838,4879.5,26.0,0.0
1839,4880.5,18.0,0.0
1840,4881.5,22.0,0.0
1841,4882.5,20.0,0.0
1842,4883.5,22.0,0.0
1843,4884.5,18.0,0.0
1844,4885.5,20.0,0.0
1845,4886.5,26.0,0.0
1846,4887.5,24.0,0.0
1847,4888.5,20.0,0.0
1848,4889.5,22.0,0.0
1849,4890.5,16.0,0.0
1850,4891.5,18.0,0.0
1851,4892.5,24.0,0.0
1852,4893.5,22.0,0.0
1853,4894.5,22.0,0.0
1854,4895.5,18.0,0.0
1855,4896.5,20.0,0.0
1856,4897.5,22.0,0.0
1857,4898.5,18.0,0.0
1858,4899.5,18.0,0.0
1859,4900.5,18.0,0.0
1860,4901.5,16.0,0.0
1861,4902.5,18.0,0.0
1862,4903.5,18.0,0.0
1863,4904.5,22.0,0.0
1864,4905.5,18.0,0.0
1865,4906.5,24.0,0.0
1866,4907.5,20.0,0.0
1867,4908.5,18.0,0.0
1868,4909.5,20.0,0.0
1869,4910.5,20.0,0.0
1870,4911.5,22.0,0.0
1871,4912.5,18.0,0.0
1872,4913.5,28.0,0.0
1873,4914.5,24.0,0.0
1874,4915.5,22.0,0.0
1875,4916.5,22.0,0.0
1876,4917.5,20.0,0.0
1877,4918.5,24.0,0.0
1878,4919.5,26.0,0.0
1879,4920.5,16.0,0.0
1880,4921.5,24.0,0.0
1881,4922.5,20.0,0.0
1882,4923.5,22.0,0.0
1883,4924.5,24.0,0.0
1884,4925.5,24.0,0.0
1885,4926.5,20.0,0.0
1886,4927.5,24.0,0.0
1887,4928.5,20.0,0.0
1888,4929.5,20.0,0.0
1889,4930.5,18.0,0.0
1890,4931.5,22.0,0.0
1891,4932.5,20.0,0.0
1892,4933.5,24.0,0.0
1893,4934.5,22.0,0.0
1894,4935.5,20.0,0.0
1895,4936.5,22.0,0.0
1896,4937.5,20.0,0.0
1897,4938.5,22.0,0.0
1898,4939.5,24.0,0.0
1899,4940.5,20.0,0.0
1900,4941.5,22.0,0.0
1901,4942.5,24.0,0.0
1902,4943.5,18.0,0.0
1903,4944.5,18.0,0.0
1904,4945.5,16.0,0.0
1905,4946.5,20.0,0.0
1906,4947.5,18.0,0.0
1907,4948.5,24.0,0.0
1908,4949.5,22.0,0.0
1909,4950.5,18.0,0.0
1910,4951.5,22.0,0.0
1911,4952.5,22.0,0.0
1912,4953.5,20.0,0.0
1913,4954.5,20.0,0.0
1914,4955.5,18.0,0.0
1915,4956.5,18.0,0.0
1916,4957.5,18.0,0.0
1917,4958.5,22.0,0.0
1918,4959.5,20.0,0.0
1919,4960.5,22.0,0.0
1920,4961.5,16.0,0.0
1921,4962.5,18.0,0.0
1922,4963.5,20.0,0.0
1923,4964.5,18.0,0.0
1924,4965.5,20.0,0.0
1925,4966.5,18.0,0.0
1926,4967.5,20.0,0.0
1927,4968.5,18.0,0.0
1928,4969.5,16.0,0.0
1929,4970.5,18.0,0.0
1930,4971.5,22.0,0.0
1931,4972.5,18.0,0.0
1932,4973.5,20.0,0.0
1933,4974.5,16.0,0.0
1934,4975.5,20.0,0.0
1935,4976.5,22.0,0.0
1936,4977.5,16.0,0.0
1937,4978.5,18.0,0.0
1938,4979.5,22.0,0.0
1939,4980.5,16.0,0.0
1940,4981.5,18.0,0.0
1941,4982.5,20.0,0.0
1942,4983.5,14.0,0.0
1943,4984.5,20.0,0.0
1944,4985.5,22.0,0.0
1945,4986.5,24.0,0.0
1946,4987.5,18.0,0.0
1947,4988.5,24.0,0.0
1948,4989.5,16.0,0.0
1949,4990.5,14.0,0.0
1950,4991.5,22.0,0.0
1951,4992.5,24.0,0.0
1952,4993.5,18.0,0.0
1953,4994.5,16.0,0.0
1954,4995.5,14.0,0.0
1955,4996.5,20.0,0.0
1956,4997.5,16.0,0.0
1957,4998.5,18.0,0.0
1958,4999.5,18.0,0.0
1959,5000.5,20.0,0.0
1960,5001.5,18.0,0.0
1961,5002.5,20.0,0.0
1962,5003.5,18.0,0.0
1963,5004.5,20.0,0.0
1964,5005.5,22.0,0.0
1965,5006.5,20.0,0.0
1966,5007.5,18.0,0.0
1967,5008.5,18.0,0.0
1968,5009.5,18.0,0.0
1969,5010.5,14.0,0.0
1970,5011.5,14.0,0.0
1971,5012.5,20.0,0.0
1972,5013.5,16.0,0.0
1973,5014.5,18.0,0.0
1974,5015.5,18.0,0.0
1975,5016.5,16.0,0.0
1976,5017.5,14.0,0.0
1977,5018.5,18.0,0.0
1978,5019.5,22.0,0.0
1979,5020.5,22.0,0.0
1980,5021.5,16.0,0.0
1981,5022.5,18.0,0.0
1982,5023.5,14.0,0.0
1983,5024.5,20.0,0.0
1984,5025.5,20.0,0.0
1985,5026.5,12.0,0.0
1986,5027.5,18.0,0.0
1987,5028.5,18.0,0.0
1988,5029.5,16.0,0.0
1989,5030.5,18.0,0.0
1990,5031.5,18.0,0.0
1991,5032.5,16.0,0.0
1992,5033.5,18.0,0.0
1993,5034.5,14.0,0.0
1994,5035.5,16.0,0.0
1995,5036.5,18.0,0.0
1996,5037.5,22.0,0.0
1997,5038.5,18.0,0.0
1998,5039.5,18.0,0.0
1999,5040.5,20.0,0.0
2000,5041.5,16.0,0.0
2001,5042.5,18.0,0.0
2002,5043.5,16.0,0.0
2003,5044.5,16.0,0.0
2004,5045.5,12.0,0.0
2005,5046.5,16.0,0.0
2006,5047.5,18.0,0.0
2007,5048.5,16.0,0.0
2008,5049.5,16.0,0.0
2009,5050.5,14.0,0.0
2010,5051.5,22.0,0.0
2011,5052.5,14.0,0.0
2012,5053.5,16.0,0.0
2013,5054.5,18.0,0.0
2014,5055.5,16.0,0.0
2015,5056.5,14.0,0.0
2016,5057.5,14.0,0.0
2017,5058.5,16.0,0.0
2018,5059.5,16.0,0.0
2019,5060.5,16.0,0.0
2020,5061.5,10.0,0.0
2021,5062.5,20.0,0.0
2022,5063.5,18.0,0.0
2023,5064.5,14.0,0.0
2024,5065.5,18.0,0.0
2025,5066.5,14.0,0.0
2026,5067.5,16.0,0.0
2027,5068.5,18.0,0.0
2028,5069.5,16.0,0.0
2029,5070.5,10.0,0.0
2030,5071.5,18.0,0.0
2031,5072.5,16.0,0.0
2032,5073.5,14.0,0.0
2033,5074.5,18.0,0.0
2034,5075.5,18.0,0.0
2035,5076.5,12.0,0.0
2036,5077.5,12.0,0.0
2037,5078.5,14.0,0.0
2038,5079.5,16.0,0.0
2039,5080.5,18.0,0.0
2040,5081.5,14.0,0.0
2041,5082.5,20.0,0.0
2042,5083.5,12.0,0.0
2043,5084.5,14.0,0.0
2044,5085.5,14.0,0.0
2045,5086.5,12.0,0.0
2046,5087.5,18.0,0.0
2047,5088.5,16.0,0.0
2048,5089.5,14.0,0.0
2049,5090.5,16.0,0.0
2050,5091.5,16.0,0.0
2051,5092.5,16.0,0.0
2052,5093.5,14.0,0.0
2053,5094.5,12.0,0.0
2054,5095.5,16.0,0.0
2055,5096.5,10.0,0.0
2056,5097.5,14.0,0.0
2057,5098.5,12.0,0.0
2058,5099.5,16.0,0.0
2059,5100.5,14.0,0.0
2060,5101.5,14.0,0.0
2061,5102.5,14.0,0.0
2062,5103.5,16.0,0.0
2063,5104.5,12.0,0.0
2064,5105.5,14.0,0.0
2065,5106.5,12.0,0.0
2066,5107.5,14.0,0.0
2067,5108.5,16.0,0.0
2068,5109.5,16.0,0.0
2069,5110.5,16.0,0.0
2070,5111.5,14.0,0.0
2071,5112.5,12.0,0.0
2072,5113.5,16.0,0.0
2073,5114.5,18.0,0.0
2074,5115.5,14.0,0.0
2075,5116.5,12.0,0.0
2076,5117.5,16.0,0.0
2077,5118.5,12.0,0.0
2078,5119.5,12.0,0.0
2079,5120.5,16.0,0.0
2080,5121.5,14.0,0.0
2081,5122.5,12.0,0.0
2082,5123.5,12.0,0.0
2083,5124.5,14.0,0.0
2084,5125.5,14.0,0.0
2085,5126.5,16.0,0.0
2086,5127.5,16.0,0.0
2087,5128.5,16.0,0.0
2088,5129.5,14.0,0.0
2089,5130.5,14.0,0.0
2090,5131.5,14.0,0.0
2091,5132.5,14.0,0.0
2092,5133.5,14.0,0.0
2093,5134.5,16.0,0.0
2094,5135.5,14.0,0.0
2095,5136.5,14.0,0.0
2096,5137.5,16.0,0.0
2097,5138.5,12.0,0.0
2098,5139.5,14.0,0.0
2099,5140.5,12.0,0.0
2100,5141.5,16.0,0.0
2101,5142.5,16.0,0.0
2102,5143.5,10.0,0.0
2103,5144.5,14.0,0.0
2104,5145.5,12.0,0.0
2105,5146.5,14.0,0.0
2106,5147.5,10.0,0.0
2107,5148.5,16.0,0.0
2108,5149.5,12.0,0.0
2109,5150.5,14.0,0.0
2110,5151.5,18.0,0.0
2111,5152.5,16.0,0.0
2112,5153.5,12.0,0.0
2113,5154.5,10.0,0.0
2114,5155.5,14.0,0.0
2115,5156.5,16.0,0.0
2116,5157.5,14.0,0.0
2117,5158.5,10.0,0.0
2118,5159.5,18.0,0.0
2119,5160.5,12.0,0.0
2120,5161.5,12.0,0.0
2121,5162.5,16.0,0.0
2122,5163.5,14.0,0.0
2123,5164.5,12.0,0.0
2124,5165.5,14.0,0.0
2125,5166.5,14.0,0.0
2126,5167.5,12.0,0.0
2127,5168.5,14.0,0.0
2128,5169.5,14.0,0.0
2129,5170.5,14.0,0.0
2130,5171.5,10.0,0.0
2131,5172.5,14.0,0.0
2132,5173.5,14.0,0.0
2133,5174.5,12.0,0.0
2134,5175.5,16.0,0.0
2135,5176.5,12.0,0.0
2136,5177.5,14.0,0.0
2137,5178.5,12.0,0.0
2138,5179.5,14.0,0.0
2139,5180.5,12.0,0.0
2140,5181.5,10.0,0.0
2141,5182.5,14.0,0.0
2142,5183.5,12.0,0.0
2143,5184.5,16.0,0.0
2144,5185.5,12.0,0.0
2145,5186.5,14.0,0.0
2146,5187.5,10.0,0.0
2147,5188.5,12.0,0.0
2148,5189.5,8.0,0.0
2149,5190.5,14.0,0.0
2150,5191.5,12.0,0.0
2151,5192.5,12.0,0.0
2152,5193.5,14.0,0.0
2153,5194.5,14.0,0.0
2154,5195.5,16.0,0.0
2155,5196.5,14.0,0.0
2156,5197.5,10.0,0.0
2157,5198.5,10.0,0.0
2158,5199.5,14.0,0.0
2159,5200.5,14.0,0.0
2160,5201.5,16.0,0.0
2161,5202.5,16.0,0.0
2162,5203.5,10.0,0.0
2163,5204.5,14.0,0.0
2164,5205.5,10.0,0.0
2165,5206.5,14.0,0.0
2166,5207.5,10.0,0.0
2167,5208.5,14.0,0.0
2168,5209.5,8.0,0.0
2169,5210.5,12.0,0.0
2170,5211.5,10.0,0.0
2171,5212.5,10.0,0.0
2172,5213.5,12.0,0.0
2173,5214.5,14.0,0.0
2174,5215.5,16.0,0.0
2175,5216.5,10.0,0.0
2176,5217.5,12.0,0.0
2177,5218.5,12.0,0.0
2178,5219.5,14.0,0.0
2179,5220.5,14.0,0.0
2180,5221.5,16.0,0.0
2181,5222.5,12.0,0.0
2182,5223.5,14.0,0.0
2183,5224.5,8.0,0.0
2184,5225.5,12.0,0.0
2185,5226.5,10.0,0.0
2186,5227.5,12.0,0.0
2187,5228.5,10.0,0.0
2188,5229.5,8.0,0.0
2189,5230.5,12.0,0.0
2190,5231.5,12.0,0.0
2191,5232.5,10.0,0.0
2192,5233.5,10.0,0.0
2193,5234.5,10.0,0.0
2194,5235.5,12.0,0.0
2195,5236.5,12.0,0.0
2196,5237.5,18.0,0.0
2197,5238.5,18.0,0.0
2198,5239.5,12.0,0.0
2199,5240.5,10.0,0.0
2200,5241.5,12.0,0.0
2201,5242.5,10.0,0.0
2202,5243.5,8.0,0.0
2203,5244.5,10.0,0.0
2204,5245.5,8.0,0.0
2205,5246.5,12.0,0.0
2206,5247.5,12.0,0.0
2207,5248.5,8.0,0.0
2208,5249.5,8.0,0.0
2209,5250.5,12.0,0.0
2210,5251.5,12.0,0.0
2211,5252.5,12.0,0.0
2212,5253.5,8.0,0.0
2213,5254.5,12.0,0.0
2214,5255.5,12.0,0.0
2215,5256.5,10.0,0.0
2216,5257.5,12.0,0.0
2217,5258.5,10.0,0.0
2218,5259.5,8.0,0.0
2219,5260.5,10.0,0.0
2220,5261.5,10.0,0.0
2221,5262.5,12.0,0.0
2222,5263.5,8.0,0.0
2223,5264.5,12.0,0.0
2224,5265.5,8.0,0.0
2225,5266.5,10.0,0.0
2226,5267.5,10.0,0.0
2227,5268.5,12.0,0.0
2228,5269.5,12.0,0.0
2229,5270.5,14.0,0.0
2230,5271.5,10.0,0.0
2231,5272.5,10.0,0.0
2232,5273.5,12.0,0.0
2233,5274.5,8.0,0.0
2234,5275.5,10.0,0.0
2235,5276.5,10.0,0.0
2236,5277.5,12.0,0.0
2237,5278.5,10.0,0.0
2238,5279.5,8.0,0.0
2239,5280.5,10.0,0.0
2240,5281.5,10.0,0.0
2241,5282.5,14.0,0.0
2242,5283.5,8.0,0.0
2243,5284.5,10.0,0.0
2244,5285.5,8.0,0.0
2245,5286.5,10.0,0.0
2246,5287.5,12.0,0.0
2247,5288.5,8.0,0.0
2248,5289.5,8.0,0.0
2249,5290.5,12.0,0.0
2250,5291.5,8.0,0.0
2251,5292.5,10.0,0.0
2252,5293.5,10.0,0.0
2253,5294.5,8.0,0.0
2254,5295.5,12.0,0.0
2255,5296.5,10.0,0.0
2256,5297.5,10.0,0.0
2257,5298.5,12.0,0.0
2258,5299.5,10.0,0.0
2259,5300.5,10.0,0.0
2260,5301.5,10.0,0.0
2261,5302.5,10.0,0.0
2262,5303.5,10.0,0.0
2263,5304.5,12.0,0.0
2264,5305.5,8.0,0.0
2265,5306.5,12.0,0.0
2266,5307.5,10.0,0.0
2267,5308.5,10.0,0.0
2268,5309.5,10.0,0.0
2269,5310.5,8.0,0.0
2270,5311.5,12.0,0.0
2271,5312.5,10.0,0.0
2272,5313.5,8.0,0.0
2273,5314.5,14.0,0.0
2274,5315.5,10.0,0.0
2275,5316.5,10.0,0.0
2276,5317.5,12.0,0.0
2277,5318.5,12.0,0.0
2278,5319.5,8.0,0.0
2279,5320.5,10.0,0.0
2280,5321.5,12.0,0.0
2281,5322.5,10.0,0.0
2282,5323.5,12.0,0.0
2283,5324.5,6.0,0.0
2284,5325.5,12.0,0.0
2285,5326.5,8.0,0.0
2286,5327.5,8.0,0.0
2287,5328.5,14.0,0.0
2288,5329.5,10.0,0.0
2289,5330.5,10.0,0.0
2290,5331.5,8.0,0.0
2291,5332.5,10.0,0.0
2292,5333.5,8.0,0.0
2293,5334.5,10.0,0.0
2294,5335.5,10.0,0.0
2295,5336.5,10.0,0.0
2296,5337.5,8.0,0.0
2297,5338.5,10.0,0.0
2298,5339.5,8.0,0.0
2299,5340.5,10.0,0.0
2300,5341.5,6.0,0.0
2301,5342.5,12.0,0.0
2302,5343.5,10.0,0.0
2303,5344.5,8.0,0.0
2304,5345.5,6.0,0.0
2305,5346.5,8.0,0.0
2306,5347.5,6.0,0.0
2307,5348.5,8.0,0.0
2308,5349.5,12.0,0.0
2309,5350.5,6.0,0.0
2310,5351.5,12.0,0.0
2311,5352.5,10.0,0.0
2312,5353.5,8.0,0.0
2313,5354.5,8.0,0.0
2314,5355.5,10.0,0.0
2315,5356.5,10.0,0.0
2316,5357.5,12.0,0.0
2317,5358.5,10.0,0.0
2318,5359.5,10.0,0.0
2319,5360.5,10.0,0.0
2320,5361.5,8.0,0.0
2321,5362.5,6.0,0.0
2322,5363.5,12.0,0.0
2323,5364.5,10.0,0.0
2324,5365.5,8.0,0.0
2325,5366.5,8.0,0.0
2326,5367.5,8.0,0.0
2327,5368.5,8.0,0.0
2328,5369.5,8.0,0.0
2329,5370.5,10.0,0.0
2330,5371.5,8.0,0.0
2331,5372.5,8.0,0.0
2332,5373.5,6.0,0.0
2333,5374.5,8.0,0.0
2334,5375.5,8.0,0.0
2335,5376.5,10.0,0.0
2336,5377.5,8.0,0.0
2337,5378.5,10.0,0.0
2338,5379.5,8.0,0.0
2339,5380.5,6.0,0.0
2340,5381.5,6.0,0.0
2341,5382.5,8.0,0.0
2342,5383.5,8.0,0.0
2343,5384.5,8.0,0.0
2344,5385.5,8.0,0.0
2345,5386.5,10.0,0.0
2346,5387.5,6.0,0.0
2347,5388.5,8.0,0.0
2348,5389.5,8.0,0.0
2349,5390.5,6.0,0.0
2350,5391.5,8.0,0.0
2351,5392.5,8.0,0.0
2352,5393.5,8.0,0.0
2353,5394.5,8.0,0.0
2354,5395.5,6.0,0.0
2355,5396.5,8.0,0.0
2356,5397.5,4.0,0.0
2357,5398.5,6.0,0.0
2358,5399.5,6.0,0.0
2359,5400.5,8.0,0.0
2360,5401.5,6.0,0.0
2361,5402.5,6.0,0.0
2362,5403.5,12.0,0.0
2363,5404.5,6.0,0.0
2364,5405.5,8.0,0.0
2365,5406.5,8.0,0.0
2366,5407.5,4.0,0.0
2367,5408.5,8.0,0.0
2368,5409.5,10.0,0.0
2369,5410.5,6.0,0.0
2370,5411.5,10.0,0.0
2371,5412.5,12.0,0.0
2372,5413.5,10.0,0.0
2373,5414.5,10.0,0.0
2374,5415.5,10.0,0.0
2375,5416.5,8.0,0.0
2376,5417.5,6.0,0.0
2377,5418.5,8.0,0.0
2378,5419.5,10.0,0.0
2379,5420.5,12.0,0.0
2380,5421.5,6.0,0.0
2381,5422.5,10.0,0.0
2382,5423.5,10.0,0.0
2383,5424.5,10.0,0.0
2384,5425.5,6.0,0.0
2385,5426.5,8.0,0.0
2386,5427.5,6.0,0.0
2387,5428.5,10.0,0.0
2388,5429.5,8.0,0.0
2389,5430.5,6.0,0.0
2390,5431.5,10.0,0.0
2391,5432.5,4.0,0.0
2392,5433.5,6.0,0.0
2393,5434.5,6.0,0.0
2394,5435.5,6.0,0.0
2395,5436.5,6.0,0.0
2396,5437.5,8.0,0.0
2397,5438.5,8.0,0.0
2398,5439.5,8.0,0.0
2399,5440.5,6.0,0.0
2400,5441.5,10.0,0.0
2401,5442.5,8.0,0.0
2402,5443.5,8.0,0.0
2403,5444.5,8.0,0.0
2404,5445.5,10.0,0.0
2405,5446.5,4.0,0.0
2406,5447.5,8.0,0.0
2407,5448.5,6.0,0.0
2408,5449.5,10.0,0.0
2409,5450.5,8.0,0.0
2410,5451.5,6.0,0.0
2411,5452.5,8.0,0.0
2412,5453.5,10.0,0.0
2413,5454.5,6.0,0.0
2414,5455.5,8.0,0.0
2415,5456.5,8.0,0.0
2416,5457.5,6.0,0.0
2417,5458.5,10.0,0.0
2418,5459.5,8.0,0.0
2419,5460.5,4.0,0.0
2420,5461.5,6.0,0.0
2421,5462.5,8.0,0.0
2422,5463.5,8.0,0.0
2423,5464.5,6.0,0.0
2424,5465.5,8.0,0.0
2425,5466.5,8.0,0.0
2426,5467.5,8.0,0.0
2427,5468.5,6.0,0.0
2428,5469.5,8.0,0.0
2429,5470.5,8.0,0.0
2430,5471.5,6.0,0.0
2431,5472.5,10.0,0.0
2432,5473.5,4.0,0.0
2433,5474.5,6.0,0.0
2434,5475.5,6.0,0.0
2435,5476.5,6.0,0.0
2436,5477.5,8.0,0.0
2437,5478.5,8.0,0.0
2438,5479.5,8.0,0.0
2439,5480.5,6.0,0.0
2440,5481.5,8.0,0.0
2441,5482.5,6.0,0.0
2442,5483.5,8.0,0.0
2443,5484.5,6.0,0.0
2444,5485.5,4.0,0.0
2445,5486.5,6.0,0.0
2446,5487.5,6.0,0.0
2447,5488.5,6.0,0.0
2448,5489.5,6.0,0.0
2449,5490.5,8.0,0.0
2450,5491.5,4.0,0.0
2451,5492.5,8.0,0.0
2452,5493.5,6.0,0.0
2453,5494.5,6.0,0.0
2454,5495.5,8.0,0.0
2455,5496.5,8.0,0.0
2456,5497.5,8.0,0.0
2457,5498.5,6.0,0.0
2458,5499.5,4.0,0.0
2459,5500.5,8.0,0.0
2460,5501.5,6.0,0.0
2461,5502.5,6.0,0.0
2462,5503.5,6.0,0.0
2463,5504.5,8.0,0.0
2464,5505.5,10.0,0.0
2465,5506.5,4.0,0.0
2466,5507.5,6.0,0.0
2467,5508.5,12.0,0.0
2468,5509.5,6.0,0.0
2469,5510.5,6.0,0.0
2470,5511.5,6.0,0.0
2471,5512.5,6.0,0.0
2472,5513.5,8.0,0.0
2473,5514.5,6.0,0.0
2474,5515.5,8.0,0.0
2475,5516.5,4.0,0.0
2476,5517.5,8.0,0.0
2477,5518.5,6.0,0.0
2478,5519.5,8.0,0.0
2479,5520.5,6.0,0.0
2480,5521.5,8.0,0.0
2481,5522.5,6.0,0.0
2482,5523.5,8.0,0.0
2483,5524.5,8.0,0.0
2484,5525.5,6.0,0.0
2485,5526.5,8.0,0.0
2486,5527.5,6.0,0.0
2487,5528.5,8.0,0.0
2488,5529.5,4.0,0.0
2489,5530.5,6.0,0.0
2490,5531.5,6.0,0.0
2491,5532.5,6.0,0.0
2492,5533.5,6.0,0.0
2493,5534.5,8.0,0.0
2494,5535.5,6.0,0.0
2495,5536.5,6.0,0.0
2496,5537.5,6.0,0.0
2497,5538.5,6.0,0.0
2498,5539.5,8.0,0.0
2499,5540.5,4.0,0.0
2500,5541.5,6.0,0.0
2501,5542.5,6.0,0.0
2502,5543.5,6.0,0.0
2503,5544.5,8.0,0.0
2504,5545.5,4.0,0.0
2505,5546.5,6.0,0.0
2506,5547.5,6.0,0.0
2507,5548.5,6.0,0.0
2508,5549.5,6.0,0.0
2509,5550.5,6.0,0.0
2510,5551.5,6.0,0.0
2511,5552.5,6.0,0.0
2512,5553.5,6.0,0.0
2513,5554.5,6.0,0.0
2514,5555.5,4.0,0.0
2515,5556.5,6.0,0.0
2516,5557.5,6.0,0.0
2517,5558.5,6.0,0.0
2518,5559.5,6.0,0.0
2519,5560.5,6.0,0.0
2520,5561.5,6.0,0.0
2521,5562.5,6.0,0.0
2522,5563.5,6.0,0.0
2523,5564.5,6.0,0.0
2524,5565.5,6.0,0.0
2525,5566.5,6.0,0.0
2526,5567.5,6.0,0.0
2527,5568.5,6.0,0.0
2528,5569.5,2.0,0.0
2529,5570.5,6.0,0.0
2530,5571.5,8.0,0.0
2531,5572.5,4.0,0.0
2532,5573.5,4.0,0.0
2533,5574.5,6.0,0.0
2534,5575.5,4.0,0.0
2535,5576.5,4.0,0.0
2536,5577.5,6.0,0.0
2537,5578.5,6.0,0.0
2538,5579.5,8.0,0.0
2539,5580.5,6.0,0.0
2540,5581.5,6.0,0.0
2541,5582.5,4.0,0.0
2542,5583.5,6.0,0.0
2543,5584.5,6.0,0.0
2544,5585.5,8.0,0.0
2545,5586.5,4.0,0.0
2546,5587.5,8.0,0.0
2547,5588.5,4.0,0.0
2548,5589.5,4.0,0.0
2549,5590.5,6.0,0.0
2550,5591.5,4.0,0.0
2551,5592.5,6.0,0.0
2552,5593.5,4.0,0.0
2553,5594.5,4.0,0.0
2554,5595.5,6.0,0.0
2555,5596.5,4.0,0.0
2556,5597.5,6.0,0.0
2557,5598.5,4.0,0.0
2558,5599.5,6.0,0.0
2559,5600.5,6.0,0.0
2560,5601.5,8.0,0.0
2561,5602.5,4.0,0.0
2562,5603.5,6.0,0.0
2563,5604.5,4.0,0.0
2564,5605.5,4.0,0.0
2565,5606.5,4.0,0.0
2566,5607.5,4.0,0.0
2567,5608.5,6.0,0.0
2568,5609.5,6.0,0.0
2569,5610.5,6.0,0.0
2570,5611.5,6.0,0.0
2571,5612.5,4.0,0.0
2572,5613.5,6.0,0.0
2573,5614.5,6.0,0.0
2574,5615.5,8.0,0.0
2575,5616.5,6.0,0.0
2576,5617.5,4.0,0.0
2577,5618.5,6.0,0.0
2578,5619.5,4.0,0.0
2579,5620.5,6.0,0.0
2580,5621.5,6.0,0.0
2581,5622.5,6.0,0.0
2582,5623.5,4.0,0.0
2583,5624.5,6.0,0.0
2584,5625.5,4.0,0.0
2585,5626.5,6.0,0.0
2586,5627.5,2.0,0.0
2587,5628.5,8.0,0.0
2588,5629.5,6.0,0.0
2589,5630.5,6.0,0.0
2590,5631.5,6.0,0.0
2591,5632.5,2.0,0.0
2592,5633.5,6.0,0.0
2593,5634.5,2.0,0.0
2594,5635.5,6.0,0.0
2595,5636.5,4.0,0.0
2596,5637.5,2.0,0.0
2597,5638.5,8.0,0.0
2598,5639.5,6.0,0.0
2599,5640.5,6.0,0.0
2600,5641.5,4.0,0.0
2601,5642.5,2.0,0.0
2602,5643.5,6.0,0.0
2603,5644.5,4.0,0.0
2604,5645.5,8.0,0.0
2605,5646.5,4.0,0.0
2606,5647.5,4.0,0.0
2607,5648.5,6.0,0.0
2608,5649.5,6.0,0.0
2609,5650.5,2.0,0.0
2610,5651.5,2.0,0.0
2611,5652.5,6.0,0.0
2612,5653.5,4.0,0.0
2613,5654.5,6.0,0.0
2614,5655.5,4.0,0.0
2615,5656.5,6.0,0.0
2616,5657.5,2.0,0.0
2617,5658.5,8.0,0.0
2618,5659.5,4.0,0.0
2619,5660.5,4.0,0.0
2620,5661.5,6.0,0.0
2621,5662.5,6.0,0.0
2622,5663.5,4.0,0.0
2623,5664.5,4.0,0.0
2624,5665.5,6.0,0.0
2625,5666.5,4.0,0.0
2626,5667.5,4.0,0.0
2627,5668.5,4.0,0.0
2628,5669.5,4.0,0.0
2629,5670.5,6.0,0.0
2630,5671.5,6.0,0.0
2631,5672.5,4.0,0.0
2632,5673.5,4.0,0.0
2633,5674.5,2.0,0.0
2634,5675.5,4.0,0.0
2635,5676.5,6.0,0.0
2636,5677.5,4.0,0.0
2637,5678.5,6.0,0.0
2638,5679.5,4.0,0.0
2639,5680.5,2.0,0.0
2640,5681.5,4.0,0.0
2641,5682.5,6.0,0.0
2642,5683.5,4.0,0.0
2643,5684.5,6.0,0.0
2644,5685.5,6.0,0.0
2645,5686.5,4.0,0.0
2646,5687.5,4.0,0.0
2647,5688.5,6.0,0.0
2648,5689.5,8.0,0.0
2649,5690.5,6.0,0.0
2650,5691.5,4.0,0.0
2651,5692.5,4.0,0.0
2652,5693.5,2.0,0.0
2653,5694.5,4.0,0.0
2654,5695.5,4.0,0.0
2655,5696.5,2.0,0.0
2656,5697.5,4.0,0.0
2657,5698.5,4.0,0.0
2658,5699.5,6.0,0.0
2659,5700.5,6.0,0.0
2660,5701.5,4.0,0.0
2661,5702.5,4.0,0.0
2662,5703.5,6.0,0.0
2663,5704.5,4.0,0.0
2664,5705.5,6.0,0.0
2665,5706.5,4.0,0.0
2666,5707.5,6.0,0.0
2667,5708.5,6.0,0.0
2668,5709.5,4.0,0.0
2669,5710.5,6.0,0.0
2670,5711.5,4.0,0.0
2671,5712.5,4.0,0.0
2672,5713.5,4.0,0.0
2673,5714.5,4.0,0.0
2674,5715.5,6.0,0.0
2675,5716.5,4.0,0.0
2676,5717.5,4.0,0.0
2677,5718.5,4.0,0.0
2678,5719.5,6.0,0.0
2679,5720.5,4.0,0.0
2680,5721.5,4.0,0.0
2681,5722.5,4.0,0.0
2682,5723.5,4.0,0.0
2683,5724.5,6.0,0.0
2684,5725.5,4.0,0.0
2685,5726.5,4.0,0.0
2686,5727.5,6.0,0.0
2687,5728.5,4.0,0.0
2688,5729.5,4.0,0.0
2689,5730.5,6.0,0.0
2690,5731.5,4.0,0.0
2691,5732.5,2.0,0.0
2692,5733.5,4.0,0.0
2693,5734.5,4.0,0.0
2694,5735.5,2.0,0.0
2695,5736.5,4.0,0.0
2696,5737.5,4.0,0.0
2697,5738.5,4.0,0.0
2698,5739.5,4.0,0.0
2699,5740.5,4.0,0.0
2700,5741.5,4.0,0.0
2701,5742.5,4.0,0.0
2702,5743.5,2.0,0.0
2703,5744.5,2.0,0.0
2704,5745.5,4.0,0.0
2705,5746.5,4.0,0.0
2706,5747.5,4.0,0.0
2707,5748.5,4.0,0.0
2708,5749.5,8.0,0.0
2709,5750.5,6.0,0.0
2710,5751.5,4.0,0.0
2711,5752.5,6.0,0.0
2712,5753.5,4.0,0.0
2713,5754.5,2.0,0.0
2714,5755.5,2.0,0.0
2715,5756.5,4.0,0.0
2716,5757.5,2.0,0.0
2717,5758.5,4.0,0.0
2718,5759.5,6.0,0.0
2719,5760.5,4.0,0.0
2720,5761.5,6.0,0.0
2721,5762.5,4.0,0.0
2722,5763.5,6.0,0.0
2723,5764.5,6.0,0.0
2724,5765.5,4.0,0.0
2725,5766.5,4.0,0.0
2726,5767.5,4.0,0.0
2727,5768.5,4.0,0.0
2728,5769.5,4.0,0.0
2729,5770.5,4.0,0.0
2730,5771.5,2.0,0.0
2731,5772.5,2.0,0.0
2732,5773.5,4.0,0.0
2733,5774.5,2.0,0.0
2734,5775.5,4.0,0.0
2735,5776.5,4.0,0.0
2736,5777.5,6.0,0.0
2737,5778.5,2.0,0.0
2738,5779.5,4.0,0.0
2739,5780.5,4.0,0.0
2740,5781.5,4.0,0.0
2741,5782.5,4.0,0.0
2742,5783.5,2.0,0.0
2743,5784.5,2.0,0.0
2744,5785.5,4.0,0.0
2745,5786.5,4.0,0.0
2746,5787.5,4.0,0.0
2747,5788.5,2.0,0.0
2748,5789.5,4.0,0.0
2749,5790.5,4.0,0.0
2750,5791.5,4.0,0.0
2751,5792.5,4.0,0.0
2752,5793.5,2.0,0.0
2753,5794.5,6.0,0.0
2754,5795.5,4.0,0.0
2755,5796.5,2.0,0.0
2756,5797.5,8.0,0.0
2757,5798.5,4.0,0.0
2758,5799.5,2.0,0.0
2759,5800.5,4.0,0.0
2760,5801.5,4.0,0.0
2761,5802.5,4.0,0.0
2762,5803.5,4.0,0.0
2763,5804.5,8.0,0.0
2764,5805.5,4.0,0.0
2765,5806.5,4.0,0.0
2766,5807.5,4.0,0.0
2767,5808.5,4.0,0.0
2768,5809.5,2.0,0.0
2769,5810.5,4.0,0.0
2770,5811.5,6.0,0.0
2771,5812.5,6.0,0.0
2772,5813.5,4.0,0.0
2773,5814.5,6.0,0.0
2774,5815.5,2.0,0.0
2775,5816.5,4.0,0.0
2776,5817.5,4.0,0.0
2777,5818.5,4.0,0.0
2778,5819.5,4.0,0.0
2779,5820.5,4.0,0.0
2780,5821.5,4.0,0.0
2781,5822.5,4.0,0.0
2782,5823.5,2.0,0.0
2783,5824.5,4.0,0.0
2784,5825.5,2.0,0.0
2785,5826.5,0.0,0.0
2786,5827.5,4.0,0.0
2787,5828.5,2.0,0.0
2788,5829.5,4.0,0.0
2789,5830.5,2.0,0.0
2790,5831.5,2.0,0.0
2791,5832.5,4.0,0.0
2792,5833.5,4.0,0.0
2793,5834.5,4.0,0.0
2794,5835.5,2.0,0.0
2795,5836.5,4.0,0.0
2796,5837.5,4.0,0.0
2797,5838.5,2.0,0.0
2798,5839.5,4.0,0.0
2799,5840.5,6.0,0.0
2800,5841.5,2.0,0.0
2801,5842.5,2.0,0.0
2802,5843.5,2.0,0.0
2803,5844.5,2.0,0.0
2804,5845.5,4.0,0.0
2805,5846.5,4.0,0.0
2806,5847.5,2.0,0.0
2807,5848.5,2.0,0.0
2808,5849.5,4.0,0.0
2809,5850.5,2.0,0.0
2810,5851.5,2.0,0.0
2811,5852.5,4.0,0.0
2812,5853.5,4.0,0.0
2813,5854.5,2.0,0.0
2814,5855.5,4.0,0.0
2815,5856.5,4.0,0.0
2816,5857.5,2.0,0.0
2817,5858.5,2.0,0.0
2818,5859.5,6.0,0.0
2819,5860.5,2.0,0.0
2820,5861.5,4.0,0.0
2821,5862.5,4.0,0.0
2822,5863.5,4.0,0.0
2823,5864.5,4.0,0.0
2824,5865.5,4.0,0.0
2825,5866.5,2.0,0.0
2826,5867.5,2.0,0.0
2827,5868.5,2.0,0.0
2828,5869.5,4.0,0.0
2829,5870.5,6.0,0.0
2830,5871.5,4.0,0.0
2831,5872.5,2.0,0.0
2832,5873.5,2.0,0.0
2833,5874.5,2.0,0.0
2834,5875.5,2.0,0.0
2835,5876.5,6.0,0.0
2836,5877.5,4.0,0.0
2837,5878.5,2.0,0.0
2838,5879.5,2.0,0.0
2839,5880.5,4.0,0.0
2840,5881.5,2.0,0.0
2841,5882.5,2.0,0.0
2842,5883.5,0.0,0.0
2843,5884.5,2.0,0.0
2844,5885.5,2.0,0.0
2845,5886.5,4.0,0.0
2846,5887.5,2.0,0.0
2847,5888.5,2.0,0.0
2848,5889.5,2.0,0.0
2849,5890.5,2.0,0.0
2850,5891.5,2.0,0.0
2851,5892.5,2.0,0.0
2852,5893.5,2.0,0.0
2853,5894.5,2.0,0.0
2854,5895.5,2.0,0.0
2855,5896.5,2.0,0.0
2856,5897.5,2.0,0.0
2857,5898.5,4.0,0.0
2858,5899.5,4.0,0.0
2859,5900.5,4.0,0.0
2860,5901.5,2.0,0.0
2861,5902.5,0.0,0.0
2862,5903.5,4.0,0.0
2863,5904.5,4.0,0.0
2864,5905.5,2.0,0.0
2865,5906.5,2.0,0.0
2866,5907.5,2.0,0.0
2867,5908.5,2.0,0.0
2868,5909.5,2.0,0.0
2869,5910.5,2.0,0.0
2870,5911.5,0.0,0.0
2871,5912.5,4.0,0.0
2872,5913.5,2.0,0.0
2873,5914.5,4.0,0.0
2874,5915.5,2.0,0.0
2875,5916.5,2.0,0.0
2876,5917.5,4.0,0.0
2877,5918.5,4.0,0.0
2878,5919.5,4.0,0.0
2879,5920.5,4.0,0.0
2880,5921.5,2.0,0.0
2881,5922.5,4.0,0.0
2882,5923.5,4.0,0.0
2883,5924.5,2.0,0.0
2884,5925.5,4.0,0.0
2885,5926.5,2.0,0.0
2886,5927.5,4.0,0.0
2887,5928.5,4.0,0.0
2888,5929.5,4.0,0.0
2889,5930.5,4.0,0.0
2890,5931.5,2.0,0.0
2891,5932.5,2.0,0.0
2892,5933.5,4.0,0.0
2893,5934.5,4.0,0.0
2894,5935.5,2.0,0.0
2895,5936.5,2.0,0.0
2896,5937.5,2.0,0.0
2897,5938.5,4.0,0.0
2898,5939.5,2.0,0.0
2899,5940.5,4.0,0.0
2900,5941.5,2.0,0.0
2901,5942.5,2.0,0.0
2902,5943.5,6.0,0.0
2903,5944.5,2.0,0.0
2904,5945.5,4.0,0.0
2905,5946.5,4.0,0.0
2906,5947.5,2.0,0.0
2907,5948.5,2.0,0.0
2908,5949.5,2.0,0.0
2909,5950.5,2.0,0.0
2910,5951.5,4.0,0.0
2911,5952.5,2.0,0.0
2912,5953.5,0.0,0.0
2913,5954.5,2.0,0.0
2914,5955.5,2.0,0.0
2915,5956.5,2.0,0.0
2916,5957.5,2.0,0.0
2917,5958.5,4.0,0.0
2918,5959.5,4.0,0.0
2919,5960.5,2.0,0.0
2920,5961.5,4.0,0.0
2921,5962.5,4.0,0.0
2922,5963.5,4.0,0.0
2923,5964.5,2.0,0.0
2924,5965.5,4.0,0.0
2925,5966.5,4.0,0.0
2926,5967.5,2.0,0.0
2927,5968.5,2.0,0.0
2928,5969.5,4.0,0.0
2929,5970.5,2.0,0.0
2930,5971.5,2.0,0.0
2931,5972.5,4.0,0.0
2932,5973.5,4.0,0.0
2933,5974.5,2.0,0.0
2934,5975.5,4.0,0.0
2935,5976.5,2.0,0.0
2936,5977.5,4.0,0.0
2937,5978.5,2.0,0.0
2938,5979.5,2.0,0.0
2939,5980.5,4.0,0.0
2940,5981.5,2.0,0.0
2941,5982.5,4.0,0.0
2942,5983.5,2.0,0.0
2943,5984.5,2.0,0.0
2944,5985.5,2.0,0.0
2945,5986.5,0.0,0.0
2946,5987.5,2.0,0.0
2947,5988.5,4.0,0.0
2948,5989.5,2.0,0.0
2949,5990.5,2.0,0.0
2950,5991.5,6.0,0.0
2951,5992.5,2.0,0.0
2952,5993.5,2.0,0.0
2953,5994.5,2.0,0.0
2954,5995.5,0.0,0.0
2955,5996.5,2.0,0.0
2956,5997.5,0.0,0.0
2957,5998.5,2.0,0.0
2958,5999.5,2.0,0.0
2959,6000.5,2.0,0.0
2960,6001.5,2.0,0.0
2961,6002.5,2.0,0.0
2962,6003.5,2.0,0.0
2963,6004.5,0.0,0.0
2964,6005.5,2.0,0.0
2965,6006.5,4.0,0.0
2966,6007.5,2.0,0.0
2967,6008.5,2.0,0.0
2968,6009.5,2.0,0.0
2969,6010.5,2.0,0.0
2970,6011.5,4.0,0.0
2971,6012.5,2.0,0.0
2972,6013.5,2.0,0.0
2973,6014.5,0.0,0.0
2974,6015.5,2.0,0.0
2975,6016.5,2.0,0.0
2976,6017.5,4.0,0.0
2977,6018.5,0.0,0.0
2978,6019.5,4.0,0.0
2979,6020.5,2.0,0.0
2980,6021.5,4.0,0.0
2981,6022.5,2.0,0.0
2982,6023.5,4.0,0.0
2983,6024.5,2.0,0.0
2984,6025.5,2.0,0.0
2985,6026.5,2.0,0.0
2986,6027.5,2.0,0.0
2987,6028.5,2.0,0.0
2988,6029.5,2.0,0.0
2989,6030.5,4.0,0.0
2990,6031.5,4.0,0.0
2991,6032.5,4.0,0.0
2992,6033.5,2.0,0.0
2993,6034.5,2.0,0.0
2994,6035.5,2.0,0.0
2995,6036.5,2.0,0.0
2996,6037.5,2.0,0.0
2997,6038.5,4.0,0.0
2998,6039.5,2.0,0.0
2999,6040.5,0.0,0.0
3000,6041.5,2.0,0.0
3001,6042.5,2.0,0.0
3002,6043.5,2.0,0.0
3003,6044.5,2.0,0.0
3004,6045.5,4.0,0.0
3005,6046.5,2.0,0.0
3006,6047.5,4.0,0.0
3007,6048.5,4.0,0.0
3008,6049.5,2.0,0.0
3009,6050.5,2.0,0.0
3010,6051.5,2.0,0.0
3011,6052.5,2.0,0.0
3012,6053.5,0.0,0.0
3013,6054.5,4.0,0.0
3014,6055.5,4.0,0.0
3015,6056.5,2.0,0.0
3016,6057.5,4.0,0.0
3017,6058.5,4.0,0.0
3018,6059.5,4.0,0.0
3019,6060.5,2.0,0.0
3020,6061.5,2.0,0.0
3021,6062.5,2.0,0.0
3022,6063.5,2.0,0.0
3023,6064.5,2.0,0.0
3024,6065.5,2.0,0.0
3025,6066.5,0.0,0.0
3026,6067.5,2.0,0.0
3027,6068.5,2.0,0.0
3028,6069.5,4.0,0.0
3029,6070.5,2.0,0.0
3030,6071.5,2.0,0.0
3031,6072.5,2.0,0.0
3032,6073.5,2.0,0.0
3033,6074.5,2.0,0.0
3034,6075.5,2.0,0.0
3035,6076.5,2.0,0.0
3036,6077.5,2.0,0.0
3037,6078.5,2.0,0.0
3038,6079.5,2.0,0.0
3039,6080.5,2.0,0.0
3040,6081.5,2.0,0.0
3041,6082.5,2.0,0.0
3042,6083.5,2.0,0.0
3043,6084.5,2.0,0.0
3044,6085.5,0.0,0.0
3045,6086.5,2.0,0.0
3046,6087.5,2.0,0.0
3047,6088.5,2.0,0.0
3048,6089.5,4.0,0.0
3049,6090.5,2.0,0.0
3050,6091.5,2.0,0.0
3051,6092.5,2.0,0.0
3052,6093.5,4.0,0.0
3053,6094.5,2.0,0.0
3054,6095.5,2.0,0.0
3055,6096.5,2.0,0.0
3056,6097.5,2.0,0.0
3057,6098.5,0.0,0.0
3058,6099.5,0.0,0.0
3059,6100.5,2.0,0.0
3060,6101.5,2.0,0.0
3061,6102.5,2.0,0.0
3062,6103.5,0.0,0.0
3063,6104.5,2.0,0.0
3064,6105.5,2.0,0.0
3065,6106.5,0.0,0.0
3066,6107.5,2.0,0.0
3067,6108.5,0.0,0.0
3068,6109.5,2.0,0.0
3069,6110.5,0.0,0.0
3070,6111.5,2.0,0.0
3071,6112.5,0.0,0.0
3072,6113.5,2.0,0.0
3073,6114.5,2.0,0.0
3074,6115.5,2.0,0.0
3075,6116.5,2.0,0.0
3076,6117.5,2.0,0.0
3077,6118.5,4.0,0.0
3078,6119.5,0.0,0.0
3079,6120.5,2.0,0.0
3080,6121.5,4.0,0.0
3081,6122.5,0.0,0.0
3082,6123.5,2.0,0.0
3083,6124.5,2.0,0.0
3084,6125.5,2.0,0.0
3085,6126.5,0.0,0.0
3086,6127.5,2.0,0.0
3087,6128.5,2.0,0.0
3088,6129.5,2.0,0.0
3089,6130.5,4.0,0.0
3090,6131.5,0.0,0.0
3091,6132.5,2.0,0.0
3092,6133.5,0.0,0.0
3093,6134.5,2.0,0.0
3094,6135.5,2.0,0.0
3095,6136.5,0.0,0.0
3096,6137.5,2.0,0.0
3097,6138.5,2.0,0.0
3098,6139.5,0.0,0.0
3099,6140.5,2.0,0.0
3100,6141.5,0.0,0.0
3101,6142.5,2.0,0.0
3102,6143.5,2.0,0.0
3103,6144.5,2.0,0.0
3104,6145.5,0.0,0.0
3105,6146.5,2.0,0.0
3106,6147.5,2.0,0.0
3107,6148.5,2.0,0.0
3108,6149.5,2.0,0.0
3109,6150.5,4.0,0.0
3110,6151.5,2.0,0.0
3111,6152.5,2.0,0.0
3112,6153.5,2.0,0.0
3113,6154.5,0.0,0.0
3114,6155.5,2.0,0.0
3115,6156.5,2.0,0.0
3116,6157.5,2.0,0.0
3117,6158.5,2.0,0.0
3118,6159.5,0.0,0.0
3119,6160.5,2.0,0.0
3120,6161.5,2.0,0.0
3121,6162.5,0.0,0.0
3122,6163.5,2.0,0.0
3123,6164.5,2.0,0.0
3124,6165.5,2.0,0.0
3125,6166.5,2.0,0.0
3126,6167.5,0.0,0.0
3127,6168.5,2.0,0.0
3128,6169.5,4.0,0.0
3129,6170.5,2.0,0.0
3130,6171.5,2.0,0.0
3131,6172.5,2.0,0.0
3132,6173.5,2.0,0.0
3133,6174.5,0.0,0.0
3134,6175.5,0.0,0.0
3135,6176.5,2.0,0.0
3136,6177.5,2.0,0.0
3137,6178.5,0.0,0.0
3138,6179.5,2.0,0.0
3139,6180.5,2.0,0.0
3140,6181.5,2.0,0.0
3141,6182.5,2.0,0.0
3142,6183.5,0.0,0.0
3143,6184.5,0.0,0.0
3144,6185.5,2.0,0.0
3145,6186.5,2.0,0.0
3146,6187.5,2.0,0.0
3147,6188.5,0.0,0.0
3148,6189.5,2.0,0.0
3149,6190.5,2.0,0.0
3150,6191.5,4.0,0.0
3151,6192.5,2.0,0.0
3152,6193.5,2.0,0.0
3153,6194.5,2.0,0.0
3154,6195.5,2.0,0.0
3155,6196.5,2.0,0.0
3156,6197.5,2.0,0.0
3157,6198.5,0.0,0.0
3158,6199.5,2.0,0.0
3159,6200.5,2.0,0.0
3160,6201.5,2.0,0.0
3161,6202.5,2.0,0.0
3162,6203.5,2.0,0.0
3163,6204.5,2.0,0.0
3164,6205.5,2.0,0.0
3165,6206.5,2.0,0.0
3166,6207.5,4.0,0.0
3167,6208.5,0.0,0.0
3168,6209.5,0.0,0.0
3169,6210.5,2.0,0.0
3170,6211.5,0.0,0.0
3171,6212.5,2.0,0.0
3172,6213.5,2.0,0.0
3173,6214.5,2.0,0.0
3174,6215.5,2.0,0.0
3175,6216.5,0.0,0.0
3176,6217.5,4.0,0.0
3177,6218.5,2.0,0.0
3178,6219.5,2.0,0.0
3179,6220.5,2.0,0.0
3180,6221.5,0.0,0.0
