col1,col2
180.019,0.0
180.039,0.0
180.059,0.0
180.079,0.0
180.099,0.0
180.119,0.0
180.139,0.0
180.159,0.0
180.179,0.0
180.199,0.0
180.219,0.0
180.239,0.0
180.259,0.0
180.279,0.0
180.299,0.0
180.319,0.0
180.339,0.0
180.359,0.0
180.379,0.0
180.399,0.0
180.419,0.0
180.439,0.0
180.459,0.0
180.479,0.0
180.499,0.0
180.519,0.0
180.539,0.0
180.559,0.0
180.579,0.0
180.599,0.0
180.619,0.0
180.639,0.0
180.659,0.0
180.679,0.0
180.699,0.0
180.719,0.0
180.739,0.0
180.759,0.0
180.779,0.0
180.799,0.0
180.819,0.0
180.839,0.0
180.859,0.0
180.879,0.0
180.899,0.0
180.919,0.0
180.939,0.0
180.959,0.0
180.979,0.0
180.999,0.0
181.019,0.0
181.039,0.0
181.059,0.0
181.079,0.0
181.099,0.0
181.119,0.0
181.139,0.0
181.159,0.0
181.179,0.0
181.199,0.0
181.219,0.0
181.239,0.0
181.259,0.0
181.279,0.0
181.299,0.0
181.319,0.0
181.339,0.0
181.359,0.0
181.379,0.0
181.399,0.0
181.419,0.0
181.439,0.0
181.459,0.0
181.479,0.0
181.499,0.0
181.519,0.0
181.539,0.0
181.559,0.0
181.579,0.0
181.599,0.0
181.619,0.0
181.639,0.0
181.659,0.0
181.679,0.0
181.699,0.0
181.719,0.0
181.739,0.0
181.759,0.0
181.779,0.0
181.799,0.0
181.819,0.0
181.839,0.0
181.859,0.0
181.879,0.0
181.899,0.0
181.919,0.0
181.939,0.0
181.959,0.0
181.979,0.0
181.999,0.0
182.019,0.0
182.039,0.0
182.059,0.0
182.079,0.0
182.099,0.0
182.119,0.0
182.139,0.0
182.159,0.0
182.179,0.0
182.199,0.0
182.219,0.0
182.239,0.0
182.259,0.0
182.279,0.0
182.299,0.0
182.319,0.0
182.339,0.0
182.359,0.0
182.379,0.0
182.399,0.0
182.419,0.0
182.439,0.0
182.459,0.0
182.479,0.0
182.499,0.0
182.519,0.0
182.539,0.0
182.559,0.0
182.579,0.0
182.599,0.0
182.619,0.0
182.639,0.0
182.659,0.0
182.679,0.0
182.699,0.0
182.719,0.0
182.739,0.0
182.759,0.0
182.779,0.0
182.799,0.0
182.819,0.0
182.839,0.0
182.859,0.0
182.879,0.00011
182.899,1e-05
182.919,0.0
182.939,0.0
182.959,0.0
182.979,0.0
182.999,0.0
183.019,0.0
183.039,0.0
183.059,0.0
183.079,0.0
183.099,0.0
183.119,0.0
183.139,0.0
183.159,0.0
183.179,0.0
183.199,0.0
183.219,0.0
183.239,0.0
183.259,0.0
183.279,0.0
183.299,0.0
183.319,0.0
183.339,0.0
183.359,0.0
183.379,0.0
183.399,0.0
183.419,0.0
183.439,0.0
183.459,0.0
183.479,0.0
183.499,0.0
183.519,0.0
183.539,0.0
183.559,0.0
183.579,0.0
183.599,0.0
183.619,0.0
183.639,0.0
183.659,0.0
183.679,0.0
183.699,0.0
183.719,0.0
183.739,0.0
183.759,0.0
183.779,0.0
183.799,0.0
183.819,0.0
183.839,0.0
183.859,2e-05
183.879,7e-05
183.899,0.0
183.919,0.0
183.939,0.0
183.959,0.0
183.979,0.0
183.999,0.0
184.019,0.0
184.039,0.00044
184.059,0.0
184.079,0.00161
184.099,0.00068
184.119,0.00064
184.139,0.0
184.159,0.0
184.179,0.0
184.199,0.0
184.219,0.0
184.239,0.0
184.259,2e-05
184.279,0.00742
184.299,0.01018
184.319,0.00611
184.339,0.00157
184.359,1e-05
184.379,0.0
184.399,0.0
184.419,0.0
184.439,0.0
184.459,0.0
184.479,0.0
184.499,1e-05
184.519,0.0
184.539,0.0
184.559,0.0
184.579,0.0
184.599,0.0
184.619,0.0
184.639,0.0
184.659,0.0
184.679,0.0
184.699,0.0
184.719,0.0
184.739,0.0
184.759,0.0
184.779,0.0
184.799,0.0
184.819,0.0
184.839,0.0
184.859,0.0
184.879,0.0
184.899,0.0
184.919,0.0
184.939,0.0
184.959,0.0
184.979,0.0
184.999,0.0
185.019,0.0
185.039,0.0
185.059,0.0
185.079,0.0
185.099,0.0
185.119,0.0
185.139,0.0
185.159,0.0
185.179,0.0
185.199,0.0
185.219,0.0
185.239,0.0
185.259,0.0
185.279,0.0
185.299,0.0
185.319,0.0
185.339,0.0
185.359,0.0
185.379,0.0
185.399,0.0
185.419,0.0
185.439,7e-05
185.459,1e-05
185.479,0.0
185.499,0.0
185.519,0.0
185.539,0.0
185.559,0.0
185.579,0.0
185.599,0.0
185.619,3e-05
185.639,0.0
185.659,7e-05
185.679,2e-05
185.699,0.0
185.719,0.0
185.739,0.0
185.759,0.0
185.779,0.0
185.799,0.0
185.819,0.00052
185.839,0.0055
185.859,7e-05
185.879,0.0
185.899,0.00037
185.919,0.0
185.939,0.0
185.959,0.0
185.979,0.0
185.999,0.0
186.019,9e-05
186.039,0.00122
186.059,0.00091
186.079,0.03367
186.099,0.03102
186.119,0.0135
186.139,0.00721
186.159,0.0
186.179,1e-05
186.199,0.0
186.219,0.0
186.239,0.0
186.259,0.00019
186.279,0.00044
186.299,6e-05
186.319,0.0
186.339,0.0
186.359,0.0
186.379,0.0
186.399,0.0
186.419,0.0
186.439,0.0
186.459,0.0
186.479,0.0
186.499,0.0
186.519,0.0
186.539,0.0
186.559,0.0
186.579,0.0
186.599,0.0
186.619,0.0
186.639,0.0
186.659,0.0
186.679,0.0
186.699,0.0
186.719,0.0
186.739,0.0
186.759,0.0
186.779,0.0
186.799,0.0
186.819,0.0
186.839,0.0
186.859,0.0
186.879,0.0
186.899,0.0
186.919,0.0
186.939,0.0
186.959,0.0
186.979,0.0
186.999,0.0
187.019,0.0
187.039,0.0
187.059,0.0
187.079,0.0
187.099,0.0
187.119,0.0
187.139,0.0
187.159,0.00087
187.179,0.00029
187.199,0.00012
187.219,0.0
187.239,0.0
187.259,0.0
187.279,0.0
187.299,0.00133
187.319,0.00495
187.339,0.00065
187.359,0.00055
187.379,0.0
187.399,0.00036
187.419,0.0
187.439,0.0
187.459,0.0
187.479,3e-05
187.499,0.0
187.519,0.01142
187.539,0.00014
187.559,0.03247
187.579,0.06072
187.599,0.04423
187.619,0.0342
187.639,0.00158
187.659,0.0
187.679,0.0
187.699,0.00015
187.719,0.00822
187.739,0.06634
187.759,0.04121
187.779,0.0747
187.799,0.10259
187.819,0.04892
187.839,0.10737
187.859,0.00531
187.879,0.01684
187.899,0.0
187.919,0.0
187.939,3e-05
187.959,0.0428
187.979,0.08855
187.999,0.09256
188.019,0.10901
188.039,0.11277
188.059,0.0953
188.079,0.00023
188.099,0.05743
188.119,0.03546
188.139,3e-05
188.159,0.00044
188.179,0.0
188.199,0.0
188.219,0.0
188.239,0.0
188.259,0.0
188.279,0.0
188.299,0.0
188.319,0.0
188.339,0.0
188.359,0.0
188.379,0.0
188.399,0.0
188.419,0.0
188.439,0.0
188.459,0.0
188.479,0.0
188.499,0.0
188.519,0.0
188.539,0.0
188.559,0.0
188.579,0.0
188.599,0.0
188.619,0.0
188.639,0.0
188.659,0.0
188.679,2e-05
188.699,0.00038
188.719,0.00011
188.739,0.0
188.759,0.0
188.779,0.0
188.799,0.0
188.819,0.00026
188.839,0.00038
188.859,0.0
188.879,0.0
188.899,2e-05
188.919,0.0
188.939,0.0
188.959,0.0
188.979,0.00223
188.999,0.00022
189.019,0.0067
189.039,0.01761
189.059,0.01539
189.079,0.00071
189.099,0.0
189.119,0.0
189.139,0.0
189.159,0.009
189.179,0.0042
189.199,3e-05
189.219,0.1171
189.239,0.12674
189.259,0.03838
189.279,0.00962
189.299,0.0
189.319,0.0
189.339,0.00075
189.359,0.00052
189.379,0.10266
189.399,0.00085
189.419,0.23016
189.439,0.16687
189.459,0.09474
189.479,0.16416
189.499,0.03
189.519,2e-05
189.539,0.0
189.559,0.00452
189.579,1e-05
189.599,0.19171
189.619,0.00439
189.639,0.30895
189.659,0.43627
189.679,0.44972
189.699,0.42335
189.719,0.35541
189.739,0.16208
189.759,0.00844
189.779,0.0
189.799,0.01569
189.819,0.02576
189.839,0.12123
189.859,0.04637
189.879,0.25549
189.899,0.52419
189.919,0.57465
189.939,0.55297
189.959,0.51287
189.979,0.41461
189.999,0.33034
190.019,0.11965
190.039,0.0
190.059,0.01121
190.079,0.01941
190.099,0.05855
190.119,0.00016
190.139,0.02714
190.159,0.0
190.179,0.01028
190.199,0.01429
190.219,0.0
190.239,0.0
190.259,0.0
190.279,0.0
190.299,0.0
190.319,0.0
190.339,0.0
190.359,0.0
190.379,0.0
190.399,0.0
190.419,0.0
190.439,0.0
190.459,0.0
190.479,1e-05
190.499,0.0
190.519,0.0
190.539,0.0
190.559,0.0
190.579,0.00021
190.599,0.00015
190.619,0.0
190.639,0.0
190.659,0.0
190.679,0.0
190.699,0.00217
190.719,0.0076
190.739,0.00351
190.759,0.0
190.779,0.0
190.799,0.0
190.819,0.00112
190.839,1e-05
190.859,0.00402
190.879,0.04893
190.899,0.02618
190.919,7e-05
190.939,0.0
190.959,0.0
190.979,0.00439
190.999,0.03924
191.019,0.01781
191.039,0.02318
191.059,0.08561
191.079,0.05841
191.099,0.00029
191.119,0.0
191.139,2e-05
191.159,0.05305
191.179,0.17183
191.199,0.24573
191.219,0.19519
191.239,0.00729
191.259,0.01572
191.279,0.14865
191.299,0.00425
191.319,0.0
191.339,0.00368
191.359,0.12803
191.379,0.28548
191.399,0.35617
191.419,0.38183
191.439,0.44205
191.459,0.30629
191.479,0.23847
191.499,0.09875
191.519,0.04059
191.539,0.0
191.559,0.02003
191.579,0.25598
191.599,0.38454
191.619,0.43868
191.639,0.52309
191.659,0.54231
191.679,0.52057
191.699,0.39775
191.719,0.30979
191.739,0.34509
191.759,0.11629
191.779,0.0
191.799,0.0372
191.819,0.34491
191.839,0.48594
191.859,0.51508
191.879,0.53263
191.899,0.5058
191.919,0.34314
191.939,0.01883
191.959,0.06502
191.979,0.01009
191.999,0.0592
192.019,0.15785
192.039,0.0
192.059,0.00653
192.079,0.20993
192.099,0.22933
192.119,0.00176
192.139,0.067
192.159,0.31629
192.179,0.34488
192.199,0.28641
192.219,0.00872
192.239,0.03281
192.259,0.25532
192.279,0.27549
192.299,0.21641
192.319,0.06284
192.339,1e-05
192.359,0.00021
192.379,0.01615
192.399,3e-05
192.419,0.0
192.439,0.0
192.459,0.0
192.479,0.0
192.499,0.0
192.519,0.0
192.539,0.0
192.559,1e-05
192.579,0.0
192.599,0.0
192.619,0.0
192.639,3e-05
192.659,0.0
192.679,0.0
192.699,0.0
192.719,0.0
192.739,0.00181
192.759,0.00758
192.779,0.00025
192.799,0.0
192.819,0.0
192.839,4e-05
192.859,0.00334
192.879,0.06428
192.899,0.04277
192.919,0.00047
192.939,0.0
192.959,0.0
192.979,0.00199
192.999,0.0892
193.019,0.11241
193.039,0.13387
193.059,0.00745
193.079,0.00151
193.099,0.0
193.119,0.0
193.139,0.01781
193.159,0.14966
193.179,0.24032
193.199,0.27492
193.219,0.25741
193.239,0.15356
193.259,0.00482
193.279,0.0
193.299,0.0
193.319,0.04227
193.339,0.23577
193.359,0.34221
193.379,0.42412
193.399,0.437
193.419,0.38045
193.439,0.25908
193.459,0.02227
193.479,3e-05
193.499,1e-05
193.519,0.15093
193.539,0.13967
193.559,0.41293
193.579,0.53908
193.599,0.56471
193.619,0.5463
193.639,0.51061
193.659,0.39803
193.679,0.06626
193.699,0.00286
193.719,0.00087
193.739,0.27199
193.759,0.48133
193.779,0.58293
193.799,0.60002
193.819,0.36414
193.839,0.60229
193.859,0.62398
193.879,0.57895
193.899,0.45601
193.919,0.02149
193.939,0.00297
193.959,0.00159
193.979,0.05347
193.999,0.40462
194.019,0.1579
194.039,0.12343
194.059,0.49341
194.079,0.51343
194.099,0.14981
194.119,0.09984
194.139,0.51008
194.159,0.47537
194.179,0.33967
194.199,0.05364
194.219,0.00917
194.239,0.36705
194.259,0.52233
194.279,0.60698
194.299,0.58884
194.319,0.31472
194.339,0.05163
194.359,0.56761
194.379,0.64678
194.399,0.68626
194.419,0.65704
194.439,0.53229
194.459,0.37267
194.479,0.00096
194.499,0.17345
194.519,0.45852
194.539,0.61822
194.559,0.65969
194.579,0.64184
194.599,0.62719
194.619,0.54137
194.639,0.01017
194.659,0.44051
194.679,0.48707
194.699,0.36805
194.719,0.0021
194.739,0.0
194.759,0.00593
194.779,0.0
194.799,0.02878
194.819,0.0
194.839,0.0
194.859,0.10068
194.879,0.08356
194.899,0.0
194.919,0.0
194.939,0.15507
194.959,0.23511
194.979,0.05781
194.999,0.0
195.019,3e-05
195.039,0.07147
195.059,0.31548
195.079,0.2805
195.099,0.02225
195.119,0.00013
195.139,0.00406
195.159,0.27839
195.179,0.4247
195.199,0.44863
195.219,0.34944
195.239,0.00306
195.259,0.00263
195.279,0.00937
195.299,0.36186
195.319,0.50222
195.339,0.55543
195.359,0.53846
195.379,0.40371
195.399,8e-05
195.419,0.00966
195.439,0.07002
195.459,0.43393
195.479,0.53467
195.499,0.56857
195.519,0.31617
195.539,0.57166
195.559,0.43333
195.579,0.0001
195.599,0.04685
195.619,0.14569
195.639,0.54834
195.659,0.62828
195.679,0.66063
195.699,0.67814
195.719,0.68551
195.739,0.64764
195.759,0.50791
195.779,0.00381
195.799,0.17422
195.819,0.09449
195.839,0.55478
195.859,0.63532
195.879,0.66353
195.899,0.69864
195.919,0.70575
195.939,0.6755
195.959,0.67915
195.979,0.59626
195.999,0.04067
196.019,0.31987
196.039,0.10881
196.059,0.20363
196.079,0.33764
196.099,0.1376
196.119,0.39705
196.139,0.55612
196.159,0.03955
196.179,0.43798
196.199,0.6005
196.219,0.52382
196.239,0.00367
196.259,0.32786
196.279,0.05296
196.299,0.60747
196.319,0.57452
196.339,0.01718
196.359,0.46921
196.379,0.65659
196.399,0.65843
196.419,0.66202
196.439,0.64609
196.459,0.05991
196.479,0.44359
196.499,0.37767
196.519,0.64536
196.539,0.19103
196.559,0.67242
196.579,0.66077
196.599,0.20911
196.619,0.33709
196.639,0.68607
196.659,0.73005
196.679,0.74898
196.699,0.74042
196.719,0.74154
196.739,0.71985
196.759,0.46016
196.779,0.13758
196.799,0.67092
196.819,0.50312
196.839,0.70726
196.859,0.7421
196.879,0.75011
196.899,0.76108
196.919,0.73991
196.939,0.67578
196.959,0.4337
196.979,0.68971
196.999,0.74796
197.019,0.76635
197.039,0.75607
197.059,0.75386
197.079,0.70692
197.099,0.73885
197.119,0.68704
197.139,0.65595
197.159,0.4423
197.179,0.34813
197.199,0.00387
197.219,0.48392
197.239,0.00241
197.259,0.53788
197.279,0.45503
197.299,0.06964
197.319,0.56994
197.339,0.63421
197.359,0.04836
197.379,8e-05
197.399,0.45123
197.419,0.64764
197.439,0.62004
197.459,0.0
197.479,0.0
197.499,0.62089
197.519,0.68374
197.539,0.67528
197.559,0.61104
197.579,0.22727
197.599,0.0
197.619,0.63958
197.639,0.61852
197.659,0.6394
197.679,0.70463
197.699,0.54579
197.719,0.55746
197.739,0.0
197.759,0.66164
197.779,0.70622
197.799,0.71583
197.819,0.72337
197.839,0.73515
197.859,0.36172
197.879,0.63633
197.899,2e-05
197.919,0.66441
197.939,0.70587
197.959,0.72252
197.979,0.74666
197.999,0.74012
198.019,0.72568
198.039,0.09654
198.059,0.64796
198.079,0.00402
198.099,0.66384
198.119,0.67381
198.139,0.71728
198.159,0.70849
198.179,0.67768
198.199,0.68418
198.219,0.6692
198.239,0.14942
198.259,0.67302
198.279,0.17222
198.299,0.66026
198.319,0.68778
198.339,0.62112
198.359,0.44015
198.379,0.4672
198.399,0.391
198.419,0.46295
198.439,0.58018
198.459,0.1099
198.479,0.44519
198.499,0.43215
198.519,0.58299
198.539,0.27695
198.559,0.44381
198.579,0.62288
198.599,0.66729
198.619,0.63107
198.639,0.3404
198.659,0.43291
198.679,0.64923
198.699,0.4141
198.719,0.67566
198.739,0.61393
198.759,0.38448
198.779,0.4081
198.799,0.6569
198.819,0.71095
198.839,0.70024
198.859,0.69693
198.879,0.66126
198.899,0.46698
198.919,0.4193
198.939,0.68175
198.959,0.57624
198.979,0.73159
198.999,0.7306
199.019,0.68169
199.039,0.71894
199.059,0.56621
199.079,0.53331
199.099,0.67954
199.119,0.73636
199.139,0.73831
199.159,0.73641
199.179,0.74185
199.199,0.73874
199.219,0.73624
199.239,0.59093
199.259,0.64363
199.279,0.66359
199.299,0.54742
199.319,0.7307
199.339,0.73814
199.359,0.73201
199.379,0.7412
199.399,0.74053
199.419,0.72517
199.439,0.71146
199.459,0.67352
199.479,0.60572
199.499,0.72448
199.519,0.73169
199.539,0.73889
199.559,0.74031
199.579,0.74208
199.599,0.71881
199.619,0.72864
199.639,0.73411
199.659,0.72868
199.679,0.6845
199.699,0.68579
199.719,0.71093
199.739,0.73598
199.759,0.73325
199.779,0.73017
199.799,0.64879
199.819,0.29046
199.839,0.64899
199.859,0.30802
199.879,0.64714
199.899,0.63774
199.919,0.49499
199.939,0.64011
199.959,0.66764
199.979,0.29254
199.999,0.53404
200.019,0.67945
200.039,0.72041
200.059,0.66982
200.079,0.10886
200.099,0.5701
200.119,0.68197
200.139,0.72497
200.159,0.69209
200.179,0.70475
200.199,0.56196
200.219,0.46919
200.239,0.68878
200.259,0.73982
200.279,0.71867
200.299,0.71735
200.319,0.67005
200.339,0.70765
200.359,0.52114
200.379,0.69695
200.399,0.74809
200.419,0.7341
200.439,0.70222
200.459,0.74397
200.479,0.64104
200.499,0.699
200.519,0.67414
200.539,0.69128
200.559,0.73631
200.579,0.73089
200.599,0.72205
200.619,0.72514
200.639,0.72908
200.659,0.5055
200.679,0.71324
200.699,0.70382
200.719,0.69381
200.739,0.7418
200.759,0.73889
200.779,0.71459
200.799,0.68675
200.819,0.6162
200.839,0.66551
200.859,0.45272
200.879,0.66963
200.899,0.72503
200.919,0.40303
200.939,0.66805
200.959,0.72879
200.979,0.7286
200.999,0.54376
201.019,0.64946
201.039,0.71208
201.059,0.72678
201.079,0.60859
201.099,0.62169
201.119,0.62069
201.139,0.59836
201.159,0.73699
201.179,0.72613
201.199,0.71169
201.219,0.65861
201.239,0.55644
201.259,0.72115
201.279,0.72394
201.299,0.73072
201.319,0.6733
201.339,0.71399
201.359,0.66711
201.379,0.50145
201.399,0.73528
201.419,0.72304
201.439,0.74113
201.459,0.73701
201.479,0.74373
201.499,0.73029
201.519,0.64836
201.539,0.70595
201.559,0.72406
201.579,0.7113
201.599,0.73363
201.619,0.74007
201.639,0.7339
201.659,0.72098
201.679,0.74395
201.699,0.6716
201.719,0.72912
201.739,0.68355
201.759,0.73263
201.779,0.74856
201.799,0.7414
201.819,0.74274
201.839,0.73239
201.859,0.72127
201.879,0.73088
201.899,0.71253
201.919,0.72373
201.939,0.66648
201.959,0.74803
201.979,0.73505
201.999,0.73989
202.019,0.74989
202.039,0.74439
202.059,0.74562
202.079,0.7412
202.099,0.74362
202.119,0.74103
202.139,0.72257
202.159,0.70818
202.179,0.71001
202.199,0.73903
202.219,0.73878
202.239,0.71543
202.259,0.74724
202.279,0.75116
202.299,0.75254
202.319,0.72901
202.339,0.74645
202.359,0.738
202.379,0.70824
202.399,0.74065
202.419,0.71921
202.439,0.72615
202.459,0.74576
202.479,0.74367
202.499,0.74217
202.519,0.74611
202.539,0.72716
202.559,0.72838
202.579,0.73064
202.599,0.71974
202.619,0.71982
202.639,0.71989
202.659,0.71996
202.679,0.72003
202.699,0.7201
202.719,0.72017
202.739,0.72025
202.759,0.72032
202.779,0.72039
202.799,0.72046
202.819,0.72053
202.839,0.7206
202.859,0.72068
202.879,0.72075
202.899,0.72082
202.919,0.72089
202.939,0.72096
202.959,0.72103
202.979,0.72111
202.999,0.72118
203.019,0.72125
203.039,0.72132
203.059,0.72136
203.079,0.72136
203.099,0.72136
203.119,0.72136
203.139,0.72136
203.159,0.72137
203.179,0.72137
203.199,0.72137
203.219,0.72137
203.239,0.72137
203.259,0.72137
203.279,0.72137
203.299,0.72137
203.319,0.72137
203.339,0.72137
203.359,0.72138
203.379,0.72138
203.399,0.72138
203.419,0.72138
203.439,0.72138
203.459,0.72138
203.479,0.72138
203.499,0.72138
203.519,0.72138
203.539,0.72138
203.559,0.72138
203.579,0.72138
203.599,0.72139
203.619,0.72139
203.639,0.72139
203.659,0.72139
203.679,0.72139
203.699,0.72139
203.719,0.72139
203.739,0.72139
203.759,0.72139
203.779,0.72139
203.799,0.72139
203.819,0.7214
203.839,0.7214
203.859,0.7214
203.879,0.7214
203.899,0.7214
203.919,0.7214
203.939,0.7214
203.959,0.7214
203.979,0.7214
203.999,0.7214
204.019,0.7214
204.039,0.7214
204.059,0.7214
204.079,0.72141
204.099,0.72141
204.119,0.72141
204.139,0.72141
204.159,0.72141
204.179,0.72141
204.199,0.72141
204.219,0.72141
204.239,0.72141
204.259,0.72141
204.279,0.72141
204.299,0.72141
204.319,0.72141
204.339,0.72142
204.359,0.72142
204.379,0.72142
204.399,0.72142
204.419,0.72142
204.439,0.72142
204.459,0.72142
204.479,0.72142
204.499,0.72142
204.519,0.72142
204.539,0.72142
204.559,0.72142
204.579,0.72142
204.599,0.72143
204.619,0.72143
204.639,0.72143
204.659,0.72143
204.679,0.72143
204.699,0.72143
204.719,0.72143
204.739,0.72143
204.759,0.72143
204.779,0.72143
204.799,0.72143
204.819,0.72143
204.839,0.72143
204.859,0.72143
204.879,0.72144
204.899,0.72144
204.919,0.72144
204.939,0.72144
204.959,0.72144
204.979,0.72144
204.999,0.72144
205.019,0.72142
205.039,0.72139
205.059,0.72137
205.079,0.72135
205.099,0.72132
205.119,0.7213
205.139,0.72126
205.159,0.72115
205.179,0.72104
205.199,0.72093
205.219,0.72082
205.239,0.72072
205.259,0.72061
205.279,0.7205
205.299,0.72039
205.319,0.72028
205.339,0.72017
205.359,0.72007
205.379,0.71996
205.399,0.71985
205.419,0.71974
205.439,0.71963
205.459,0.71953
205.479,0.71942
205.499,0.71931
205.519,0.7192
205.539,0.71909
205.559,0.71899
205.579,0.71888
205.599,0.71877
205.619,0.71866
205.639,0.71856
205.659,0.71845
205.679,0.71834
205.699,0.71823
205.719,0.71812
205.739,0.71802
205.759,0.71791
205.779,0.7178
205.799,0.71769
205.819,0.71759
205.839,0.71748
205.859,0.71737
205.879,0.71726
205.899,0.71715
205.919,0.71705
205.939,0.71694
205.959,0.71683
205.979,0.71672
205.999,0.71662
206.019,0.71646
206.039,0.7163
206.059,0.71615
206.079,0.71599
206.099,0.71583
206.119,0.71567
206.139,0.71552
206.159,0.71536
206.179,0.7152
206.199,0.71505
206.219,0.71489
206.239,0.71473
206.259,0.71457
206.279,0.71442
206.299,0.71426
206.319,0.7141
206.339,0.71395
206.359,0.71379
206.379,0.71363
206.399,0.71348
206.419,0.71332
206.439,0.71316
206.459,0.71301
206.479,0.71285
206.499,0.71269
206.519,0.71254
206.539,0.71238
206.559,0.71222
206.579,0.71207
206.599,0.71191
206.619,0.71175
206.639,0.7116
206.659,0.71144
206.679,0.71128
206.699,0.71113
206.719,0.71097
206.739,0.71082
206.759,0.71066
206.779,0.7105
206.799,0.71035
206.819,0.71019
206.839,0.71003
206.859,0.70988
206.879,0.70972
206.899,0.70957
206.919,0.70941
206.939,0.70926
206.959,0.7091
206.979,0.70894
206.999,0.70879
207.019,0.70867
207.039,0.70855
207.059,0.70843
207.079,0.70832
207.099,0.7082
207.119,0.70808
207.139,0.70797
207.159,0.70785
207.179,0.70773
207.199,0.70761
207.219,0.7075
207.239,0.70738
207.259,0.70726
207.279,0.70706
207.299,0.70684
207.319,0.70663
207.339,0.70642
207.359,0.70621
207.379,0.706
207.399,0.70579
207.419,0.70558
207.439,0.70537
207.459,0.70516
207.479,0.70494
207.499,0.70473
207.519,0.70452
207.539,0.70431
207.559,0.7041
207.579,0.70389
207.599,0.70368
207.619,0.70347
207.639,0.70326
207.659,0.70305
207.679,0.70284
207.699,0.70263
207.719,0.70242
207.739,0.70221
207.759,0.702
207.779,0.70179
207.799,0.70158
207.819,0.70137
207.839,0.70116
207.859,0.70095
207.879,0.70074
207.899,0.70053
207.919,0.70032
207.939,0.70011
207.959,0.6999
207.979,0.6997
207.999,0.69949
208.019,0.69927
208.039,0.69906
208.059,0.69885
208.079,0.69864
208.099,0.69842
208.119,0.69821
208.139,0.698
208.159,0.69779
208.179,0.69757
208.199,0.69736
208.219,0.69715
208.239,0.69694
208.259,0.69673
208.279,0.69651
208.299,0.6963
208.319,0.69609
208.339,0.69588
208.359,0.69567
208.379,0.69546
208.399,0.69524
208.419,0.69503
208.439,0.69482
208.459,0.69461
208.479,0.6944
208.499,0.69419
208.519,0.69398
208.539,0.69376
208.559,0.69355
208.579,0.69334
208.599,0.69313
208.619,0.69292
208.639,0.69271
208.659,0.6925
208.679,0.69229
208.699,0.69208
208.719,0.69187
208.739,0.69166
208.759,0.69145
208.779,0.69124
208.799,0.69103
208.819,0.69082
208.839,0.69061
208.859,0.6904
208.879,0.69019
208.899,0.68998
208.919,0.68977
208.939,0.68956
208.959,0.68935
208.979,0.68914
208.999,0.68893
209.019,0.68871
209.039,0.6885
209.059,0.68829
209.079,0.68808
209.099,0.68786
209.119,0.68765
209.139,0.68744
209.159,0.68723
209.179,0.68702
209.199,0.6868
209.219,0.68659
209.239,0.68638
209.259,0.68617
209.279,0.68595
209.299,0.68574
209.319,0.68553
209.339,0.68532
209.359,0.68511
209.379,0.6849
209.399,0.68468
209.419,0.68447
209.439,0.68421
209.459,0.68389
209.479,0.68356
209.499,0.68324
209.519,0.68291
209.539,0.68259
209.559,0.68226
209.579,0.68194
209.599,0.68162
209.619,0.68129
209.639,0.68097
209.659,0.68064
209.679,0.68032
209.699,0.68
209.719,0.67968
209.739,0.67935
209.759,0.67903
209.779,0.67871
209.799,0.67838
209.819,0.67806
209.839,0.67774
209.859,0.67742
209.879,0.6771
209.899,0.67678
209.919,0.67645
209.939,0.67613
209.959,0.67581
209.979,0.67549
209.999,0.67517
210.019,0.67488
210.039,0.67459
210.059,0.67431
210.079,0.67402
210.099,0.67373
210.119,0.67344
210.139,0.67316
210.159,0.67287
210.179,0.67258
210.199,0.6723
210.219,0.67201
210.239,0.67173
210.259,0.67144
210.279,0.67115
210.299,0.67087
210.319,0.67058
210.339,0.6703
210.359,0.67001
210.379,0.66973
210.399,0.66944
210.419,0.66915
210.439,0.66887
210.459,0.66859
210.479,0.6683
210.499,0.66802
210.519,0.66773
210.539,0.66745
210.559,0.66716
210.579,0.66688
210.599,0.66659
210.619,0.66631
210.639,0.66603
210.659,0.66574
210.679,0.66546
210.699,0.66518
210.719,0.66489
210.739,0.66461
210.759,0.66433
210.779,0.66404
210.799,0.66376
210.819,0.66348
210.839,0.6632
210.859,0.66291
210.879,0.66263
210.899,0.66235
210.919,0.66207
210.939,0.66178
210.959,0.6615
210.979,0.66122
210.999,0.66094
211.019,0.66063
211.039,0.66032
211.059,0.66002
211.079,0.65971
211.099,0.6594
211.119,0.6591
211.139,0.65879
211.159,0.65848
211.179,0.65817
211.199,0.65787
211.219,0.65756
211.239,0.65725
211.259,0.65695
211.279,0.65664
211.299,0.65634
211.319,0.65603
211.339,0.65573
211.359,0.65542
211.379,0.65511
211.399,0.65481
211.419,0.6545
211.439,0.6542
211.459,0.65389
211.479,0.65359
211.499,0.65329
211.519,0.65298
211.539,0.65268
211.559,0.65237
211.579,0.65207
211.599,0.65177
211.619,0.65146
211.639,0.65116
211.659,0.65079
211.679,0.65034
211.699,0.64989
211.719,0.64944
211.739,0.64899
211.759,0.64854
211.779,0.64809
211.799,0.64764
211.819,0.64719
211.839,0.64674
211.859,0.64629
211.879,0.64585
211.899,0.6454
211.919,0.64495
211.939,0.64451
211.959,0.64406
211.979,0.64361
211.999,0.64317
212.019,0.64271
212.039,0.64226
212.059,0.6418
212.079,0.64135
212.099,0.6409
212.119,0.64044
212.139,0.63999
212.159,0.63954
212.179,0.63908
212.199,0.63863
212.219,0.63818
212.239,0.63773
212.259,0.63728
212.279,0.63683
212.299,0.63638
212.319,0.63593
212.339,0.63548
212.359,0.63503
212.379,0.63458
212.399,0.63413
212.419,0.63368
212.439,0.63323
212.459,0.63278
212.479,0.63234
212.499,0.63189
212.519,0.63144
212.539,0.63099
212.559,0.63055
212.579,0.6301
212.599,0.62966
212.619,0.62921
212.639,0.62876
212.659,0.62832
212.679,0.62788
212.699,0.62743
212.719,0.62699
212.739,0.62654
212.759,0.6261
212.779,0.62566
212.799,0.62521
212.819,0.62477
212.839,0.62433
212.859,0.62389
212.879,0.62345
212.899,0.62301
212.919,0.62256
212.939,0.62212
212.959,0.62168
212.979,0.62124
212.999,0.6208
213.019,0.62037
213.039,0.61993
213.059,0.6195
213.079,0.61906
213.099,0.61863
213.119,0.61819
213.139,0.61776
213.159,0.61732
213.179,0.61689
213.199,0.61646
213.219,0.61602
213.239,0.61559
213.259,0.61516
213.279,0.61473
213.299,0.61429
213.319,0.61386
213.339,0.61343
213.359,0.613
213.379,0.61257
213.399,0.61214
213.419,0.61171
213.439,0.61128
213.459,0.61085
213.479,0.61042
213.499,0.60999
213.519,0.60956
213.539,0.60913
213.559,0.6087
213.579,0.60828
213.599,0.60785
213.619,0.60742
213.639,0.607
213.659,0.60657
213.679,0.60614
213.699,0.60572
213.719,0.60529
213.739,0.60487
213.759,0.60444
213.779,0.60402
213.799,0.60359
213.819,0.60317
213.839,0.60274
213.859,0.60232
213.879,0.6019
213.899,0.60142
213.919,0.60091
213.939,0.60041
213.959,0.59991
213.979,0.5994
213.999,0.5989
214.019,0.59839
214.039,0.59787
214.059,0.59736
214.079,0.59685
214.099,0.59633
214.119,0.59582
214.139,0.59531
214.159,0.5948
214.179,0.59429
214.199,0.59378
214.219,0.59327
214.239,0.59276
214.259,0.59225
214.279,0.59174
214.299,0.59124
214.319,0.59073
214.339,0.59022
214.359,0.58971
214.379,0.58921
214.399,0.5887
214.419,0.5882
214.439,0.58769
214.459,0.58719
214.479,0.58668
214.499,0.58618
214.519,0.58568
214.539,0.58517
214.559,0.58467
214.579,0.58417
214.599,0.58367
214.619,0.58317
214.639,0.58267
214.659,0.58217
214.679,0.58167
214.699,0.58117
214.719,0.58067
214.739,0.58017
214.759,0.57967
214.779,0.57918
214.799,0.57868
214.819,0.57818
214.839,0.57769
214.859,0.57719
214.879,0.57669
214.899,0.5762
214.919,0.5757
214.939,0.57521
214.959,0.57472
214.979,0.57422
214.999,0.57373
215.019,0.57327
215.039,0.57281
215.059,0.57235
215.079,0.57189
215.099,0.57143
215.119,0.57097
215.139,0.57051
215.159,0.57005
215.179,0.56959
215.199,0.56913
215.219,0.56868
215.239,0.56822
215.259,0.56776
215.279,0.56731
215.299,0.56685
215.319,0.56639
215.339,0.56594
215.359,0.56548
215.379,0.56503
215.399,0.56458
215.419,0.56412
215.439,0.56367
215.459,0.56321
215.479,0.56276
215.499,0.56231
215.519,0.56186
215.539,0.56141
215.559,0.56095
215.579,0.5605
215.599,0.56005
215.619,0.5596
215.639,0.55915
215.659,0.5587
215.679,0.55825
215.699,0.55781
215.719,0.55736
215.739,0.55691
215.759,0.55646
215.779,0.55601
215.799,0.55557
215.819,0.55512
215.839,0.55467
215.859,0.55423
215.879,0.55378
215.899,0.55334
215.919,0.55289
215.939,0.55245
215.959,0.552
215.979,0.55156
215.999,0.55112
216.019,0.55067
216.039,0.55022
216.059,0.54977
216.079,0.54933
216.099,0.54888
216.119,0.54843
216.139,0.54799
216.159,0.54754
216.179,0.54709
216.199,0.54662
216.219,0.54603
216.239,0.54543
216.259,0.54484
216.279,0.54425
216.299,0.54366
216.319,0.54307
216.339,0.54248
216.359,0.54189
216.379,0.54131
216.399,0.54072
216.419,0.54013
216.439,0.53955
216.459,0.53896
216.479,0.53838
216.499,0.53779
216.519,0.53721
216.539,0.53663
216.559,0.53604
216.579,0.53546
216.599,0.53488
216.619,0.5343
216.639,0.53372
216.659,0.53314
216.679,0.53257
216.699,0.53199
216.719,0.53141
216.739,0.53083
216.759,0.53026
216.779,0.52968
216.799,0.52911
216.819,0.52853
216.839,0.52796
216.859,0.52739
216.879,0.52682
216.899,0.52625
216.919,0.52567
216.939,0.5251
216.959,0.52453
216.979,0.52397
216.999,0.5234
217.019,0.52284
217.039,0.52228
217.059,0.52172
217.079,0.52116
217.099,0.5206
217.119,0.52005
217.139,0.51949
217.159,0.51893
217.179,0.51838
217.199,0.51782
217.219,0.51727
217.239,0.51672
217.259,0.51616
217.279,0.51561
217.299,0.51506
217.319,0.51451
217.339,0.51396
217.359,0.51341
217.379,0.51286
217.399,0.51231
217.419,0.51176
217.439,0.51122
217.459,0.51067
217.479,0.51012
217.499,0.50958
217.519,0.50903
217.539,0.50849
217.559,0.50794
217.579,0.5074
217.599,0.50686
217.619,0.50631
217.639,0.50577
217.659,0.50523
217.679,0.50469
217.699,0.50415
217.719,0.50361
217.739,0.50307
217.759,0.50253
217.779,0.502
217.799,0.50146
217.819,0.50092
217.839,0.50039
217.859,0.49985
217.879,0.49932
217.899,0.49878
217.919,0.49825
217.939,0.49772
217.959,0.49718
217.979,0.49665
217.999,0.49612
218.019,0.49559
218.039,0.49505
218.059,0.49452
218.079,0.49399
218.099,0.49346
218.119,0.49293
218.139,0.4924
218.159,0.49187
218.179,0.49134
218.199,0.49081
218.219,0.49029
218.239,0.48976
218.259,0.48923
218.279,0.48871
218.299,0.48818
218.319,0.48766
218.339,0.48713
218.359,0.48661
218.379,0.48609
218.399,0.48556
218.419,0.48504
218.439,0.48452
218.459,0.484
218.479,0.48348
218.499,0.48296
218.519,0.48244
218.539,0.48192
218.559,0.4814
218.579,0.48089
218.599,0.48029
218.619,0.47965
218.639,0.47901
218.659,0.47838
218.679,0.47774
218.699,0.47711
218.719,0.47648
218.739,0.47585
218.759,0.47522
218.779,0.47459
218.799,0.47396
218.819,0.47333
218.839,0.4727
218.859,0.47208
218.879,0.47145
218.899,0.47083
218.919,0.4702
218.939,0.46958
218.959,0.46896
218.979,0.46834
218.999,0.46772
219.019,0.46708
219.039,0.46645
219.059,0.46582
219.079,0.46519
219.099,0.46456
219.119,0.46393
219.139,0.4633
219.159,0.46267
219.179,0.46205
219.199,0.46142
219.219,0.46079
219.239,0.46017
219.259,0.45955
219.279,0.45892
219.299,0.4583
219.319,0.45768
219.339,0.45706
219.359,0.45644
219.379,0.45582
219.399,0.45521
219.419,0.45459
219.439,0.45397
219.459,0.45336
219.479,0.45274
219.499,0.45213
219.519,0.45152
219.539,0.45091
219.559,0.4503
219.579,0.44969
219.599,0.44908
219.619,0.44847
219.639,0.44786
219.659,0.44725
219.679,0.44665
219.699,0.44604
219.719,0.44544
219.739,0.44484
219.759,0.44423
219.779,0.44363
219.799,0.44303
219.819,0.44243
219.839,0.44183
219.859,0.44123
219.879,0.44063
219.899,0.44004
219.919,0.43944
219.939,0.43885
219.959,0.43825
219.979,0.43766
219.999,0.43706
