NUV, %
0,0
  169.00,   0.0000 
  169.10,   0.2450 
  169.20,   0.4900 
  169.30,   0.7350 
  169.40,   0.9800 
  169.50,   1.2250 
  169.60,   1.4700 
  169.70,   1.7150 
  169.80,   1.9600 
  169.90,   2.2050 
  170.00,   2.4500 
  170.10,   2.4676 
  170.20,   2.4852 
  170.30,   2.5028 
  170.40,   2.5204 
  170.50,   2.5380 
  170.60,   2.5556 
  170.70,   2.5732 
  170.80,   2.5908 
  170.90,   2.6084 
  171.00,   2.6260 
  171.10,   2.6436 
  171.20,   2.6612 
  171.30,   2.6788 
  171.40,   2.6964 
  171.50,   2.7140 
  171.60,   2.7316 
  171.70,   2.7492 
  171.80,   2.7668 
  171.90,   2.7844 
  172.00,   2.8020 
  172.10,   2.8196 
  172.20,   2.8372 
  172.30,   2.8548 
  172.40,   2.8724 
  172.50,   2.8900 
  172.60,   2.9076 
  172.70,   2.9252 
  172.80,   2.9428 
  172.90,   2.9604 
  173.00,   2.9780 
  173.10,   2.9956 
  173.20,   3.0132 
  173.30,   3.0308 
  173.40,   3.0484 
  173.50,   3.0660 
  173.60,   3.0836 
  173.70,   3.1012 
  173.80,   3.1188 
  173.90,   3.1364 
  174.00,   3.1540 
  174.10,   3.1716 
  174.20,   3.1892 
  174.30,   3.2068 
  174.40,   3.2244 
  174.50,   3.2420 
  174.60,   3.2596 
  174.70,   3.2772 
  174.80,   3.2948 
  174.90,   3.3124 
  175.00,   3.3300 
  175.10,   3.4672 
  175.20,   3.6044 
  175.30,   3.7416 
  175.40,   3.8788 
  175.50,   4.0160 
  175.60,   4.1532 
  175.70,   4.2904 
  175.80,   4.4276 
  175.90,   4.5648 
  176.00,   4.7020 
  176.10,   4.8392 
  176.20,   4.9764 
  176.30,   5.1136 
  176.40,   5.2508 
  176.50,   5.3880 
  176.60,   5.5252 
  176.70,   5.6624 
  176.80,   5.7996 
  176.90,   5.9368 
  177.00,   6.0740 
  177.10,   6.2112 
  177.20,   6.3484 
  177.30,   6.4856 
  177.40,   6.6228 
  177.50,   6.7600 
  177.60,   6.8972 
  177.70,   7.0344 
  177.80,   7.1716 
  177.90,   7.3088 
  178.00,   7.4460 
  178.10,   7.5832 
  178.20,   7.7204 
  178.30,   7.8576 
  178.40,   7.9948 
  178.50,   8.1320 
  178.60,   8.2692 
  178.70,   8.4064 
  178.80,   8.5436 
  178.90,   8.6808 
  179.00,   8.8180 
  179.10,   8.9552 
  179.20,   9.0924 
  179.30,   9.2296 
  179.40,   9.3668 
  179.50,   9.5040 
  179.60,   9.6412 
  179.70,   9.7784 
  179.80,   9.9156 
  179.90,  10.0528 
  180.00,  10.1900 
  180.10,  10.3380 
  180.20,  10.4860 
  180.30,  10.6340 
  180.40,  10.7820 
  180.50,  10.9300 
  180.60,  11.0780 
  180.70,  11.2260 
  180.80,  11.3740 
  180.90,  11.5220 
  181.00,  11.6700 
  181.10,  11.8180 
  181.20,  11.9660 
  181.30,  12.1140 
  181.40,  12.2620 
  181.50,  12.4100 
  181.60,  12.5580 
  181.70,  12.7060 
  181.80,  12.8540 
  181.90,  13.0020 
  182.00,  13.1500 
  182.10,  13.2980 
  182.20,  13.4460 
  182.30,  13.5940 
  182.40,  13.7420 
  182.50,  13.8900 
  182.60,  14.0380 
  182.70,  14.1860 
  182.80,  14.3340 
  182.90,  14.4820 
  183.00,  14.6300 
  183.10,  14.7780 
  183.20,  14.9260 
  183.30,  15.0740 
  183.40,  15.2220 
  183.50,  15.3700 
  183.60,  15.5180 
  183.70,  15.6660 
  183.80,  15.8140 
  183.90,  15.9620 
  184.00,  16.1100 
  184.10,  16.2580 
  184.20,  16.4060 
  184.30,  16.5540 
  184.40,  16.7020 
  184.50,  16.8500 
  184.60,  16.9980 
  184.70,  17.1460 
  184.80,  17.2940 
  184.90,  17.4420 
  185.00,  17.5900 
  185.10,  17.7720 
  185.20,  17.9540 
  185.30,  18.1360 
  185.40,  18.3180 
  185.50,  18.5000 
  185.60,  18.6820 
  185.70,  18.8640 
  185.80,  19.0460 
  185.90,  19.2280 
  186.00,  19.4100 
  186.10,  19.5920 
  186.20,  19.7740 
  186.30,  19.9560 
  186.40,  20.1380 
  186.50,  20.3200 
  186.60,  20.5020 
  186.70,  20.6840 
  186.80,  20.8660 
  186.90,  21.0480 
  187.00,  21.2300 
  187.10,  21.4120 
  187.20,  21.5940 
  187.30,  21.7760 
  187.40,  21.9580 
  187.50,  22.1400 
  187.60,  22.3220 
  187.70,  22.5040 
  187.80,  22.6860 
  187.90,  22.8680 
  188.00,  23.0500 
  188.10,  23.2320 
  188.20,  23.4140 
  188.30,  23.5960 
  188.40,  23.7780 
  188.50,  23.9600 
  188.60,  24.1420 
  188.70,  24.3240 
  188.80,  24.5060 
  188.90,  24.6880 
  189.00,  24.8700 
  189.10,  25.0520 
  189.20,  25.2340 
  189.30,  25.4160 
  189.40,  25.5980 
  189.50,  25.7800 
  189.60,  25.9620 
  189.70,  26.1440 
  189.80,  26.3260 
  189.90,  26.5080 
  190.00,  26.6900 
  190.10,  26.8236 
  190.20,  26.9572 
  190.30,  27.0908 
  190.40,  27.2244 
  190.50,  27.3580 
  190.60,  27.4916 
  190.70,  27.6252 
  190.80,  27.7588 
  190.90,  27.8924 
  191.00,  28.0260 
  191.10,  28.1596 
  191.20,  28.2932 
  191.30,  28.4268 
  191.40,  28.5604 
  191.50,  28.6940 
  191.60,  28.8276 
  191.70,  28.9612 
  191.80,  29.0948 
  191.90,  29.2284 
  192.00,  29.3620 
  192.10,  29.4956 
  192.20,  29.6292 
  192.30,  29.7628 
  192.40,  29.8964 
  192.50,  30.0300 
  192.60,  30.1636 
  192.70,  30.2972 
  192.80,  30.4308 
  192.90,  30.5644 
  193.00,  30.6980 
  193.10,  30.8316 
  193.20,  30.9652 
  193.30,  31.0988 
  193.40,  31.2324 
  193.50,  31.3660 
  193.60,  31.4996 
  193.70,  31.6332 
  193.80,  31.7668 
  193.90,  31.9004 
  194.00,  32.0340 
  194.10,  32.1676 
  194.20,  32.3012 
  194.30,  32.4348 
  194.40,  32.5684 
  194.50,  32.7020 
  194.60,  32.8356 
  194.70,  32.9692 
  194.80,  33.1028 
  194.90,  33.2364 
  195.00,  33.3700 
  195.10,  33.6012 
  195.20,  33.8324 
  195.30,  34.0636 
  195.40,  34.2948 
  195.50,  34.5260 
  195.60,  34.7572 
  195.70,  34.9884 
  195.80,  35.2196 
  195.90,  35.4508 
  196.00,  35.6820 
  196.10,  35.9132 
  196.20,  36.1444 
  196.30,  36.3756 
  196.40,  36.6068 
  196.50,  36.8380 
  196.60,  37.0692 
  196.70,  37.3004 
  196.80,  37.5316 
  196.90,  37.7628 
  197.00,  37.9940 
  197.10,  38.2252 
  197.20,  38.4564 
  197.30,  38.6876 
  197.40,  38.9188 
  197.50,  39.1500 
  197.60,  39.3812 
  197.70,  39.6124 
  197.80,  39.8436 
  197.90,  40.0748 
  198.00,  40.3060 
  198.10,  40.5372 
  198.20,  40.7684 
  198.30,  40.9996 
  198.40,  41.2308 
  198.50,  41.4620 
  198.60,  41.6932 
  198.70,  41.9244 
  198.80,  42.1556 
  198.90,  42.3868 
  199.00,  42.6180 
  199.10,  42.8492 
  199.20,  43.0804 
  199.30,  43.3116 
  199.40,  43.5428 
  199.50,  43.7740 
  199.60,  44.0052 
  199.70,  44.2364 
  199.80,  44.4676 
  199.90,  44.6988 
  200.00,  44.9300 
  200.10,  44.9736 
  200.20,  45.0172 
  200.30,  45.0608 
  200.40,  45.1044 
  200.50,  45.1480 
  200.60,  45.1916 
  200.70,  45.2352 
  200.80,  45.2788 
  200.90,  45.3224 
  201.00,  45.3660 
  201.10,  45.4096 
  201.20,  45.4532 
  201.30,  45.4968 
  201.40,  45.5404 
  201.50,  45.5840 
  201.60,  45.6276 
  201.70,  45.6712 
  201.80,  45.7148 
  201.90,  45.7584 
  202.00,  45.8020 
  202.10,  45.8456 
  202.20,  45.8892 
  202.30,  45.9328 
  202.40,  45.9764 
  202.50,  46.0200 
  202.60,  46.0636 
  202.70,  46.1072 
  202.80,  46.1508 
  202.90,  46.1944 
  203.00,  46.2380 
  203.10,  46.2816 
  203.20,  46.3252 
  203.30,  46.3688 
  203.40,  46.4124 
  203.50,  46.4560 
  203.60,  46.4996 
  203.70,  46.5432 
  203.80,  46.5868 
  203.90,  46.6304 
  204.00,  46.6740 
  204.10,  46.7176 
  204.20,  46.7612 
  204.30,  46.8048 
  204.40,  46.8484 
  204.50,  46.8920 
  204.60,  46.9356 
  204.70,  46.9792 
  204.80,  47.0228 
  204.90,  47.0664 
  205.00,  47.1100 
  205.10,  47.2198 
  205.20,  47.3296 
  205.30,  47.4394 
  205.40,  47.5492 
  205.50,  47.6590 
  205.60,  47.7688 
  205.70,  47.8786 
  205.80,  47.9884 
  205.90,  48.0982 
  206.00,  48.2080 
  206.10,  48.3178 
  206.20,  48.4276 
  206.30,  48.5374 
  206.40,  48.6472 
  206.50,  48.7570 
  206.60,  48.8668 
  206.70,  48.9766 
  206.80,  49.0864 
  206.90,  49.1962 
  207.00,  49.3060 
  207.10,  49.4158 
  207.20,  49.5256 
  207.30,  49.6354 
  207.40,  49.7452 
  207.50,  49.8550 
  207.60,  49.9648 
  207.70,  50.0746 
  207.80,  50.1844 
  207.90,  50.2942 
  208.00,  50.4040 
  208.10,  50.5138 
  208.20,  50.6236 
  208.30,  50.7334 
  208.40,  50.8432 
  208.50,  50.9530 
  208.60,  51.0628 
  208.70,  51.1726 
  208.80,  51.2824 
  208.90,  51.3922 
  209.00,  51.5020 
  209.10,  51.6118 
  209.20,  51.7216 
  209.30,  51.8314 
  209.40,  51.9412 
  209.50,  52.0510 
  209.60,  52.1608 
  209.70,  52.2706 
  209.80,  52.3804 
  209.90,  52.4902 
  210.00,  52.6000 
  210.10,  52.7380 
  210.20,  52.8760 
  210.30,  53.0140 
  210.40,  53.1520 
  210.50,  53.2900 
  210.60,  53.4280 
  210.70,  53.5660 
  210.80,  53.7040 
  210.90,  53.8420 
  211.00,  53.9800 
  211.10,  54.1180 
  211.20,  54.2560 
  211.30,  54.3940 
  211.40,  54.5320 
  211.50,  54.6700 
  211.60,  54.8080 
  211.70,  54.9460 
  211.80,  55.0840 
  211.90,  55.2220 
  212.00,  55.3600 
  212.10,  55.4980 
  212.20,  55.6360 
  212.30,  55.7740 
  212.40,  55.9120 
  212.50,  56.0500 
  212.60,  56.1880 
  212.70,  56.3260 
  212.80,  56.4640 
  212.90,  56.6020 
  213.00,  56.7400 
  213.10,  56.8780 
  213.20,  57.0160 
  213.30,  57.1540 
  213.40,  57.2920 
  213.50,  57.4300 
  213.60,  57.5680 
  213.70,  57.7060 
  213.80,  57.8440 
  213.90,  57.9820 
  214.00,  58.1200 
  214.10,  58.2580 
  214.20,  58.3960 
  214.30,  58.5340 
  214.40,  58.6720 
  214.50,  58.8100 
  214.60,  58.9480 
  214.70,  59.0860 
  214.80,  59.2240 
  214.90,  59.3620 
  215.00,  59.5000 
  215.10,  59.5432 
  215.20,  59.5864 
  215.30,  59.6296 
  215.40,  59.6728 
  215.50,  59.7160 
  215.60,  59.7592 
  215.70,  59.8024 
  215.80,  59.8456 
  215.90,  59.8888 
  216.00,  59.9320 
  216.10,  59.9752 
  216.20,  60.0184 
  216.30,  60.0616 
  216.40,  60.1048 
  216.50,  60.1480 
  216.60,  60.1912 
  216.70,  60.2344 
  216.80,  60.2776 
  216.90,  60.3208 
  217.00,  60.3640 
  217.10,  60.4072 
  217.20,  60.4504 
  217.30,  60.4936 
  217.40,  60.5368 
  217.50,  60.5800 
  217.60,  60.6232 
  217.70,  60.6664 
  217.80,  60.7096 
  217.90,  60.7528 
  218.00,  60.7960 
  218.10,  60.8392 
  218.20,  60.8824 
  218.30,  60.9256 
  218.40,  60.9688 
  218.50,  61.0120 
  218.60,  61.0552 
  218.70,  61.0984 
  218.80,  61.1416 
  218.90,  61.1848 
  219.00,  61.2280 
  219.10,  61.2712 
  219.20,  61.3144 
  219.30,  61.3576 
  219.40,  61.4008 
  219.50,  61.4440 
  219.60,  61.4872 
  219.70,  61.5304 
  219.80,  61.5736 
  219.90,  61.6168 
  220.00,  61.6600 
  220.10,  61.5552 
  220.20,  61.4504 
  220.30,  61.3456 
  220.40,  61.2408 
  220.50,  61.1360 
  220.60,  61.0312 
  220.70,  60.9264 
  220.80,  60.8216 
  220.90,  60.7168 
  221.00,  60.6120 
  221.10,  60.5072 
  221.20,  60.4024 
  221.30,  60.2976 
  221.40,  60.1928 
  221.50,  60.0880 
  221.60,  59.9832 
  221.70,  59.8784 
  221.80,  59.7736 
  221.90,  59.6688 
  222.00,  59.5640 
  222.10,  59.4592 
  222.20,  59.3544 
  222.30,  59.2496 
  222.40,  59.1448 
  222.50,  59.0400 
  222.60,  58.9352 
  222.70,  58.8304 
  222.80,  58.7256 
  222.90,  58.6208 
  223.00,  58.5160 
  223.10,  58.4112 
  223.20,  58.3064 
  223.30,  58.2016 
  223.40,  58.0968 
  223.50,  57.9920 
  223.60,  57.8872 
  223.70,  57.7824 
  223.80,  57.6776 
  223.90,  57.5728 
  224.00,  57.4680 
  224.10,  57.3632 
  224.20,  57.2584 
  224.30,  57.1536 
  224.40,  57.0488 
  224.50,  56.9440 
  224.60,  56.8392 
  224.70,  56.7344 
  224.80,  56.6296 
  224.90,  56.5248 
  225.00,  56.4200 
  225.10,  56.3528 
  225.20,  56.2856 
  225.30,  56.2184 
  225.40,  56.1512 
  225.50,  56.0840 
  225.60,  56.0168 
  225.70,  55.9496 
  225.80,  55.8824 
  225.90,  55.8152 
  226.00,  55.7480 
  226.10,  55.6808 
  226.20,  55.6136 
  226.30,  55.5464 
  226.40,  55.4792 
  226.50,  55.4120 
  226.60,  55.3448 
  226.70,  55.2776 
  226.80,  55.2104 
  226.90,  55.1432 
  227.00,  55.0760 
  227.10,  55.0088 
  227.20,  54.9416 
  227.30,  54.8744 
  227.40,  54.8072 
  227.50,  54.7400 
  227.60,  54.6728 
  227.70,  54.6056 
  227.80,  54.5384 
  227.90,  54.4712 
  228.00,  54.4040 
  228.10,  54.3368 
  228.20,  54.2696 
  228.30,  54.2024 
  228.40,  54.1352 
  228.50,  54.0680 
  228.60,  54.0008 
  228.70,  53.9336 
  228.80,  53.8664 
  228.90,  53.7992 
  229.00,  53.7320 
  229.10,  53.6648 
  229.20,  53.5976 
  229.30,  53.5304 
  229.40,  53.4632 
  229.50,  53.3960 
  229.60,  53.3288 
  229.70,  53.2616 
  229.80,  53.1944 
  229.90,  53.1272 
  230.00,  53.0600 
  230.10,  52.9518 
  230.20,  52.8436 
  230.30,  52.7354 
  230.40,  52.6272 
  230.50,  52.5190 
  230.60,  52.4108 
  230.70,  52.3026 
  230.80,  52.1944 
  230.90,  52.0862 
  231.00,  51.9780 
  231.10,  51.8698 
  231.20,  51.7616 
  231.30,  51.6534 
  231.40,  51.5452 
  231.50,  51.4370 
  231.60,  51.3288 
  231.70,  51.2206 
  231.80,  51.1124 
  231.90,  51.0042 
  232.00,  50.8960 
  232.10,  50.7878 
  232.20,  50.6796 
  232.30,  50.5714 
  232.40,  50.4632 
  232.50,  50.3550 
  232.60,  50.2468 
  232.70,  50.1386 
  232.80,  50.0304 
  232.90,  49.9222 
  233.00,  49.8140 
  233.10,  49.7058 
  233.20,  49.5976 
  233.30,  49.4894 
  233.40,  49.3812 
  233.50,  49.2730 
  233.60,  49.1648 
  233.70,  49.0566 
  233.80,  48.9484 
  233.90,  48.8402 
  234.00,  48.7320 
  234.10,  48.6238 
  234.20,  48.5156 
  234.30,  48.4074 
  234.40,  48.2992 
  234.50,  48.1910 
  234.60,  48.0828 
  234.70,  47.9746 
  234.80,  47.8664 
  234.90,  47.7582 
  235.00,  47.6500 
  235.10,  47.7116 
  235.20,  47.7732 
  235.30,  47.8348 
  235.40,  47.8964 
  235.50,  47.9580 
  235.60,  48.0196 
  235.70,  48.0812 
  235.80,  48.1428 
  235.90,  48.2044 
  236.00,  48.2660 
  236.10,  48.3276 
  236.20,  48.3892 
  236.30,  48.4508 
  236.40,  48.5124 
  236.50,  48.5740 
  236.60,  48.6356 
  236.70,  48.6972 
  236.80,  48.7588 
  236.90,  48.8204 
  237.00,  48.8820 
  237.10,  48.9436 
  237.20,  49.0052 
  237.30,  49.0668 
  237.40,  49.1284 
  237.50,  49.1900 
  237.60,  49.2516 
  237.70,  49.3132 
  237.80,  49.3748 
  237.90,  49.4364 
  238.00,  49.4980 
  238.10,  49.5596 
  238.20,  49.6212 
  238.30,  49.6828 
  238.40,  49.7444 
  238.50,  49.8060 
  238.60,  49.8676 
  238.70,  49.9292 
  238.80,  49.9908 
  238.90,  50.0524 
  239.00,  50.1140 
  239.10,  50.1756 
  239.20,  50.2372 
  239.30,  50.2988 
  239.40,  50.3604 
  239.50,  50.4220 
  239.60,  50.4836 
  239.70,  50.5452 
  239.80,  50.6068 
  239.90,  50.6684 
  240.00,  50.7300 
  240.10,  50.7848 
  240.20,  50.8396 
  240.30,  50.8944 
  240.40,  50.9492 
  240.50,  51.0040 
  240.60,  51.0588 
  240.70,  51.1136 
  240.80,  51.1684 
  240.90,  51.2232 
  241.00,  51.2780 
  241.10,  51.3328 
  241.20,  51.3876 
  241.30,  51.4424 
  241.40,  51.4972 
  241.50,  51.5520 
  241.60,  51.6068 
  241.70,  51.6616 
  241.80,  51.7164 
  241.90,  51.7712 
  242.00,  51.8260 
  242.10,  51.8808 
  242.20,  51.9356 
  242.30,  51.9904 
  242.40,  52.0452 
  242.50,  52.1000 
  242.60,  52.1548 
  242.70,  52.2096 
  242.80,  52.2644 
  242.90,  52.3192 
  243.00,  52.3740 
  243.10,  52.4288 
  243.20,  52.4836 
  243.30,  52.5384 
  243.40,  52.5932 
  243.50,  52.6480 
  243.60,  52.7028 
  243.70,  52.7576 
  243.80,  52.8124 
  243.90,  52.8672 
  244.00,  52.9220 
  244.10,  52.9768 
  244.20,  53.0316 
  244.30,  53.0864 
  244.40,  53.1412 
  244.50,  53.1960 
  244.60,  53.2508 
  244.70,  53.3056 
  244.80,  53.3604 
  244.90,  53.4152 
  245.00,  53.4700 
  245.10,  53.4508 
  245.20,  53.4316 
  245.30,  53.4124 
  245.40,  53.3932 
  245.50,  53.3740 
  245.60,  53.3548 
  245.70,  53.3356 
  245.80,  53.3164 
  245.90,  53.2972 
  246.00,  53.2780 
  246.10,  53.2588 
  246.20,  53.2396 
  246.30,  53.2204 
  246.40,  53.2012 
  246.50,  53.1820 
  246.60,  53.1628 
  246.70,  53.1436 
  246.80,  53.1244 
  246.90,  53.1052 
  247.00,  53.0860 
  247.10,  53.0668 
  247.20,  53.0476 
  247.30,  53.0284 
  247.40,  53.0092 
  247.50,  52.9900 
  247.60,  52.9708 
  247.70,  52.9516 
  247.80,  52.9324 
  247.90,  52.9132 
  248.00,  52.8940 
  248.10,  52.8748 
  248.20,  52.8556 
  248.30,  52.8364 
  248.40,  52.8172 
  248.50,  52.7980 
  248.60,  52.7788 
  248.70,  52.7596 
  248.80,  52.7404 
  248.90,  52.7212 
  249.00,  52.7020 
  249.10,  52.6828 
  249.20,  52.6636 
  249.30,  52.6444 
  249.40,  52.6252 
  249.50,  52.6060 
  249.60,  52.5868 
  249.70,  52.5676 
  249.80,  52.5484 
  249.90,  52.5292 
  250.00,  52.5100 
  250.10,  52.4924 
  250.20,  52.4748 
  250.30,  52.4572 
  250.40,  52.4396 
  250.50,  52.4220 
  250.60,  52.4044 
  250.70,  52.3868 
  250.80,  52.3692 
  250.90,  52.3516 
  251.00,  52.3340 
  251.10,  52.3164 
  251.20,  52.2988 
  251.30,  52.2812 
  251.40,  52.2636 
  251.50,  52.2460 
  251.60,  52.2284 
  251.70,  52.2108 
  251.80,  52.1932 
  251.90,  52.1756 
  252.00,  52.1580 
  252.10,  52.1404 
  252.20,  52.1228 
  252.30,  52.1052 
  252.40,  52.0876 
  252.50,  52.0700 
  252.60,  52.0524 
  252.70,  52.0348 
  252.80,  52.0172 
  252.90,  51.9996 
  253.00,  51.9820 
  253.10,  51.9644 
  253.20,  51.9468 
  253.30,  51.9292 
  253.40,  51.9116 
  253.50,  51.8940 
  253.60,  51.8764 
  253.70,  51.8588 
  253.80,  51.8412 
  253.90,  51.8236 
  254.00,  51.8060 
  254.10,  51.7884 
  254.20,  51.7708 
  254.30,  51.7532 
  254.40,  51.7356 
  254.50,  51.7180 
  254.60,  51.7004 
  254.70,  51.6828 
  254.80,  51.6652 
  254.90,  51.6476 
  255.00,  51.6300 
  255.10,  51.5988 
  255.20,  51.5676 
  255.30,  51.5364 
  255.40,  51.5052 
  255.50,  51.4740 
  255.60,  51.4428 
  255.70,  51.4116 
  255.80,  51.3804 
  255.90,  51.3492 
  256.00,  51.3180 
  256.10,  51.2868 
  256.20,  51.2556 
  256.30,  51.2244 
  256.40,  51.1932 
  256.50,  51.1620 
  256.60,  51.1308 
  256.70,  51.0996 
  256.80,  51.0684 
  256.90,  51.0372 
  257.00,  51.0060 
  257.10,  50.9748 
  257.20,  50.9436 
  257.30,  50.9124 
  257.40,  50.8812 
  257.50,  50.8500 
  257.60,  50.8188 
  257.70,  50.7876 
  257.80,  50.7564 
  257.90,  50.7252 
  258.00,  50.6940 
  258.10,  50.6628 
  258.20,  50.6316 
  258.30,  50.6004 
  258.40,  50.5692 
  258.50,  50.5380 
  258.60,  50.5068 
  258.70,  50.4756 
  258.80,  50.4444 
  258.90,  50.4132 
  259.00,  50.3820 
  259.10,  50.3508 
  259.20,  50.3196 
  259.30,  50.2884 
  259.40,  50.2572 
  259.50,  50.2260 
  259.60,  50.1948 
  259.70,  50.1636 
  259.80,  50.1324 
  259.90,  50.1012 
  260.00,  50.0700 
  260.10,  49.9824 
  260.20,  49.8948 
  260.30,  49.8072 
  260.40,  49.7196 
  260.50,  49.6320 
  260.60,  49.5444 
  260.70,  49.4568 
  260.80,  49.3692 
  260.90,  49.2816 
  261.00,  49.1940 
  261.10,  49.1064 
  261.20,  49.0188 
  261.30,  48.9312 
  261.40,  48.8436 
  261.50,  48.7560 
  261.60,  48.6684 
  261.70,  48.5808 
  261.80,  48.4932 
  261.90,  48.4056 
  262.00,  48.3180 
  262.10,  48.2304 
  262.20,  48.1428 
  262.30,  48.0552 
  262.40,  47.9676 
  262.50,  47.8800 
  262.60,  47.7924 
  262.70,  47.7048 
  262.80,  47.6172 
  262.90,  47.5296 
  263.00,  47.4420 
  263.10,  47.3544 
  263.20,  47.2668 
  263.30,  47.1792 
  263.40,  47.0916 
  263.50,  47.0040 
  263.60,  46.9164 
  263.70,  46.8288 
  263.80,  46.7412 
  263.90,  46.6536 
  264.00,  46.5660 
  264.10,  46.4784 
  264.20,  46.3908 
  264.30,  46.3032 
  264.40,  46.2156 
  264.50,  46.1280 
  264.60,  46.0404 
  264.70,  45.9528 
  264.80,  45.8652 
  264.90,  45.7776 
  265.00,  45.6900 
  265.10,  45.5280 
  265.20,  45.3660 
  265.30,  45.2040 
  265.40,  45.0420 
  265.50,  44.8800 
  265.60,  44.7180 
  265.70,  44.5560 
  265.80,  44.3940 
  265.90,  44.2320 
  266.00,  44.0700 
  266.10,  43.9080 
  266.20,  43.7460 
  266.30,  43.5840 
  266.40,  43.4220 
  266.50,  43.2600 
  266.60,  43.0980 
  266.70,  42.9360 
  266.80,  42.7740 
  266.90,  42.6120 
  267.00,  42.4500 
  267.10,  42.2880 
  267.20,  42.1260 
  267.30,  41.9640 
  267.40,  41.8020 
  267.50,  41.6400 
  267.60,  41.4780 
  267.70,  41.3160 
  267.80,  41.1540 
  267.90,  40.9920 
  268.00,  40.8300 
  268.10,  40.6680 
  268.20,  40.5060 
  268.30,  40.3440 
  268.40,  40.1820 
  268.50,  40.0200 
  268.60,  39.8580 
  268.70,  39.6960 
  268.80,  39.5340 
  268.90,  39.3720 
  269.00,  39.2100 
  269.10,  39.0480 
  269.20,  38.8860 
  269.30,  38.7240 
  269.40,  38.5620 
  269.50,  38.4000 
  269.60,  38.2380 
  269.70,  38.0760 
  269.80,  37.9140 
  269.90,  37.7520 
  270.00,  37.5900 
  270.10,  37.3362 
  270.20,  37.0824 
  270.30,  36.8286 
  270.40,  36.5748 
  270.50,  36.3210 
  270.60,  36.0672 
  270.70,  35.8134 
  270.80,  35.5596 
  270.90,  35.3058 
  271.00,  35.0520 
  271.10,  34.7982 
  271.20,  34.5444 
  271.30,  34.2906 
  271.40,  34.0368 
  271.50,  33.7830 
  271.60,  33.5292 
  271.70,  33.2754 
  271.80,  33.0216 
  271.90,  32.7678 
  272.00,  32.5140 
  272.10,  32.2602 
  272.20,  32.0064 
  272.30,  31.7526 
  272.40,  31.4988 
  272.50,  31.2450 
  272.60,  30.9912 
  272.70,  30.7374 
  272.80,  30.4836 
  272.90,  30.2298 
  273.00,  29.9760 
  273.10,  29.7222 
  273.20,  29.4684 
  273.30,  29.2146 
  273.40,  28.9608 
  273.50,  28.7070 
  273.60,  28.4532 
  273.70,  28.1994 
  273.80,  27.9456 
  273.90,  27.6918 
  274.00,  27.4380 
  274.10,  27.1842 
  274.20,  26.9304 
  274.30,  26.6766 
  274.40,  26.4228 
  274.50,  26.1690 
  274.60,  25.9152 
  274.70,  25.6614 
  274.80,  25.4076 
  274.90,  25.1538 
  275.00,  24.9000 
  275.10,  24.6186 
  275.20,  24.3372 
  275.30,  24.0558 
  275.40,  23.7744 
  275.50,  23.4930 
  275.60,  23.2116 
  275.70,  22.9302 
  275.80,  22.6488 
  275.90,  22.3674 
  276.00,  22.0860 
  276.10,  21.8046 
  276.20,  21.5232 
  276.30,  21.2418 
  276.40,  20.9604 
  276.50,  20.6790 
  276.60,  20.3976 
  276.70,  20.1162 
  276.80,  19.8348 
  276.90,  19.5534 
  277.00,  19.2720 
  277.10,  18.9906 
  277.20,  18.7092 
  277.30,  18.4278 
  277.40,  18.1464 
  277.50,  17.8650 
  277.60,  17.5836 
  277.70,  17.3022 
  277.80,  17.0208 
  277.90,  16.7394 
  278.00,  16.4580 
  278.10,  16.1766 
  278.20,  15.8952 
  278.30,  15.6138 
  278.40,  15.3324 
  278.50,  15.0510 
  278.60,  14.7696 
  278.70,  14.4882 
  278.80,  14.2068 
  278.90,  13.9254 
  279.00,  13.6440 
  279.10,  13.3626 
  279.20,  13.0812 
  279.30,  12.7998 
  279.40,  12.5184 
  279.50,  12.2370 
  279.60,  11.9556 
  279.70,  11.6742 
  279.80,  11.3928 
  279.90,  11.1114 
  280.00,  10.8300 
  280.10,  10.6824 
  280.20,  10.5348 
  280.30,  10.3872 
  280.40,  10.2396 
  280.50,  10.0920 
  280.60,   9.9444 
  280.70,   9.7968 
  280.80,   9.6492 
  280.90,   9.5016 
  281.00,   9.3540 
  281.10,   9.2064 
  281.20,   9.0588 
  281.30,   8.9112 
  281.40,   8.7636 
  281.50,   8.6160 
  281.60,   8.4684 
  281.70,   8.3208 
  281.80,   8.1732 
  281.90,   8.0256 
  282.00,   7.8780 
  282.10,   7.7304 
  282.20,   7.5828 
  282.30,   7.4352 
  282.40,   7.2876 
  282.50,   7.1400 
  282.60,   6.9924 
  282.70,   6.8448 
  282.80,   6.6972 
  282.90,   6.5496 
  283.00,   6.4020 
  283.10,   6.2544 
  283.20,   6.1068 
  283.30,   5.9592 
  283.40,   5.8116 
  283.50,   5.6640 
  283.60,   5.5164 
  283.70,   5.3688 
  283.80,   5.2212 
  283.90,   5.0736 
  284.00,   4.9260 
  284.10,   4.7784 
  284.20,   4.6308 
  284.30,   4.4832 
  284.40,   4.3356 
  284.50,   4.1880 
  284.60,   4.0404 
  284.70,   3.8928 
  284.80,   3.7452 
  284.90,   3.5976 
  285.00,   3.4500 
  285.10,   3.4060 
  285.20,   3.3620 
  285.30,   3.3180 
  285.40,   3.2740 
  285.50,   3.2300 
  285.60,   3.1860 
  285.70,   3.1420 
  285.80,   3.0980 
  285.90,   3.0540 
  286.00,   3.0100 
  286.10,   2.9660 
  286.20,   2.9220 
  286.30,   2.8780 
  286.40,   2.8340 
  286.50,   2.7900 
  286.60,   2.7460 
  286.70,   2.7020 
  286.80,   2.6580 
  286.90,   2.6140 
  287.00,   2.5700 
  287.10,   2.5260 
  287.20,   2.4820 
  287.30,   2.4380 
  287.40,   2.3940 
  287.50,   2.3500 
  287.60,   2.3060 
  287.70,   2.2620 
  287.80,   2.2180 
  287.90,   2.1740 
  288.00,   2.1300 
  288.10,   2.0860 
  288.20,   2.0420 
  288.30,   1.9980 
  288.40,   1.9540 
  288.50,   1.9100 
  288.60,   1.8660 
  288.70,   1.8220 
  288.80,   1.7780 
  288.90,   1.7340 
  289.00,   1.6900 
  289.10,   1.6460 
  289.20,   1.6020 
  289.30,   1.5580 
  289.40,   1.5140 
  289.50,   1.4700 
  289.60,   1.4260 
  289.70,   1.3820 
  289.80,   1.3380 
  289.90,   1.2940 
  290.00,   1.2500 
  290.10,   1.2522 
  290.20,   1.2544 
  290.30,   1.2566 
  290.40,   1.2588 
  290.50,   1.2610 
  290.60,   1.2632 
  290.70,   1.2654 
  290.80,   1.2676 
  290.90,   1.2698 
  291.00,   1.2720 
  291.10,   1.2742 
  291.20,   1.2764 
  291.30,   1.2786 
  291.40,   1.2808 
  291.50,   1.2830 
  291.60,   1.2852 
  291.70,   1.2874 
  291.80,   1.2896 
  291.90,   1.2918 
  292.00,   1.2940 
  292.10,   1.2962 
  292.20,   1.2984 
  292.30,   1.3006 
  292.40,   1.3028 
  292.50,   1.3050 
  292.60,   1.3072 
  292.70,   1.3094 
  292.80,   1.3116 
  292.90,   1.3138 
  293.00,   1.3160 
  293.10,   1.3182 
  293.20,   1.3204 
  293.30,   1.3226 
  293.40,   1.3248 
  293.50,   1.3270 
  293.60,   1.3292 
  293.70,   1.3314 
  293.80,   1.3336 
  293.90,   1.3358 
  294.00,   1.3380 
  294.10,   1.3402 
  294.20,   1.3424 
  294.30,   1.3446 
  294.40,   1.3468 
  294.50,   1.3490 
  294.60,   1.3512 
  294.70,   1.3534 
  294.80,   1.3556 
  294.90,   1.3578 
  295.00,   1.3600 
  295.10,   1.3698 
  295.20,   1.3796 
  295.30,   1.3894 
  295.40,   1.3992 
  295.50,   1.4090 
  295.60,   1.4188 
  295.70,   1.4286 
  295.80,   1.4384 
  295.90,   1.4482 
  296.00,   1.4580 
  296.10,   1.4678 
  296.20,   1.4776 
  296.30,   1.4874 
  296.40,   1.4972 
  296.50,   1.5070 
  296.60,   1.5168 
  296.70,   1.5266 
  296.80,   1.5364 
  296.90,   1.5462 
  297.00,   1.5560 
  297.10,   1.5658 
  297.20,   1.5756 
  297.30,   1.5854 
  297.40,   1.5952 
  297.50,   1.6050 
  297.60,   1.6148 
  297.70,   1.6246 
  297.80,   1.6344 
  297.90,   1.6442 
  298.00,   1.6540 
  298.10,   1.6638 
  298.20,   1.6736 
  298.30,   1.6834 
  298.40,   1.6932 
  298.50,   1.7030 
  298.60,   1.7128 
  298.70,   1.7226 
  298.80,   1.7324 
  298.90,   1.7422 
  299.00,   1.7520 
  299.10,   1.7618 
  299.20,   1.7716 
  299.30,   1.7814 
  299.40,   1.7912 
  299.50,   1.8010 
  299.60,   1.8108 
  299.70,   1.8206 
  299.80,   1.8304 
  299.90,   1.8402 
  300.00,   1.8500 
  300.10,   1.6650 
  300.20,   1.4800 
  300.30,   1.2950 
  300.40,   1.1100 
  300.50,   0.9250 
  300.60,   0.7400 
  300.70,   0.5550 
  300.80,   0.3700 
  300.90,   0.1850 
  301.00,   0.0000 
1000,0