w, %
0,0
100.00, 3.9104749786385986e-07
100.10, 4.1072978839655785e-07
100.20, 4.304120789292558e-07
100.30, 4.5009436946195377e-07
100.40, 4.6977665999465164e-07
100.50, 4.894589505273496e-07
100.60, 5.091412410600476e-07
100.70, 5.288235315927454e-07
100.80, 5.485058221254434e-07
100.90, 5.681881126581413e-07
101.00, 5.878704031908604e-07
101.10, 7.007598368588316e-07
101.20, 8.136492705268028e-07
101.30, 9.265387041947739e-07
101.40, 1.0394281378627448e-06
101.50, 1.1523175715307162e-06
101.60, 1.2652070051986871e-06
101.70, 1.3780964388666585e-06
101.80, 1.4909858725346296e-06
101.90, 1.6038753062026008e-06
102.00, 1.7167647398706043e-06
102.10, 1.972347080221964e-06
102.20, 2.2279294205733234e-06
102.30, 2.483511760924683e-06
102.40, 2.7390941012760424e-06
102.50, 2.9946764416274023e-06
102.60, 3.2502587819787613e-06
102.70, 3.5058411223301208e-06
102.80, 3.7614234626814807e-06
102.90, 4.017005803032839e-06
103.00, 4.2725881433842474e-06
103.10, 4.737609293332604e-06
103.20, 5.202630443280962e-06
103.30, 5.66765159322932e-06
103.40, 6.1326727431776775e-06
103.50, 6.597693893126034e-06
103.60, 7.062715043074392e-06
103.70, 7.52773619302275e-06
103.80, 7.992757342971108e-06
103.90, 8.457778492919465e-06
104.00, 8.922799642867931e-06
104.10, 9.868161458371576e-06
104.20, 1.0813523273875219e-05
104.30, 1.1758885089378863e-05
104.40, 1.2704246904882504e-05
104.50, 1.3649608720386149e-05
104.60, 1.459497053588979e-05
104.70, 1.5540332351393436e-05
104.80, 1.6485694166897075e-05
104.90, 1.743105598240072e-05
105.00, 1.8376417797904585e-05
105.10, 2.029897289502064e-05
105.20, 2.2221527992136696e-05
105.30, 2.4144083089252748e-05
105.40, 2.6066638186368793e-05
105.50, 2.7989193283484852e-05
105.60, 2.9911748380600904e-05
105.70, 3.1834303477716956e-05
105.80, 3.375685857483301e-05
105.90, 3.567941367194906e-05
106.00, 3.760196876906537e-05
106.10, 4.067051356423041e-05
106.20, 4.373905835939545e-05
106.30, 4.68076031545605e-05
106.40, 4.987614794972553e-05
106.50, 5.294469274489057e-05
106.60, 5.6013237540055606e-05
106.70, 5.9081782335220646e-05
106.80, 6.21503271303857e-05
106.90, 6.521887192555073e-05
107.00, 6.828741672071567e-05
107.10, 7.090669245935318e-05
107.20, 7.35259681979907e-05
107.30, 7.614524393662823e-05
107.40, 7.876451967526573e-05
107.50, 8.138379541390324e-05
107.60, 8.400307115254076e-05
107.70, 8.662234689117827e-05
107.80, 8.924162262981578e-05
107.90, 9.186089836845331e-05
108.00, 9.448017410709107e-05
108.10, 9.815447867477726e-05
108.20, 0.00010182878324246347
108.30, 0.00010550308781014968
108.40, 0.00010917739237783587
108.50, 0.0001128516969455221
108.60, 0.00011652600151320828
108.70, 0.00012020030608089448
108.80, 0.00012387461064858067
108.90, 0.00012754891521626687
109.00, 0.00013122321978395343
109.10, 0.00013649424021043143
109.20, 0.0001417652606369094
109.30, 0.0001470362810633874
109.40, 0.00015230730148986534
109.50, 0.00015757832191634331
109.60, 0.00016284934234282129
109.70, 0.00016812036276929926
109.80, 0.00017339138319577723
109.90, 0.0001786624036222552
110.00, 0.00018393342404873195
110.10, 0.00018372445075804712
110.20, 0.00018348909800706227
110.30, 0.00018322736579577738
110.40, 0.0001829392541241924
110.50, 0.00018262476299230756
110.60, 0.00018228389240012262
110.70, 0.00018191664234763766
110.80, 0.00018152301283485273
110.90, 0.00018110300386176773
111.00, 0.00018065661542838248
111.10, 0.0001790644714251288
111.20, 0.00017743389537586105
111.30, 0.0001757648872805791
111.40, 0.00017405744713928312
111.50, 0.00017231157495197294
111.60, 0.00017052727071864869
111.70, 0.0001687045344393103
111.80, 0.0001668433661139578
111.90, 0.00016494376574259118
112.00, 0.0001630057333252104
112.10, 0.0001607684197952392
112.20, 0.00015849331159685745
112.30, 0.00015618040873006508
112.40, 0.00015382971119486208
112.50, 0.00015144121899124846
112.60, 0.00014901493211922427
112.70, 0.0001465508505787895
112.80, 0.0001440489743699441
112.90, 0.00014150930349268812
113.00, 0.00013893183794702146
113.10, 0.0001360727885379918
113.20, 0.00013319779742647226
113.30, 0.00013030686461246288
113.40, 0.0001273999900959637
113.50, 0.00012447717387697473
113.60, 0.0001215384159554959
113.70, 0.00011858371633152728
113.80, 0.00011561307500506883
113.90, 0.00011262649197612052
114.00, 0.00010962396724468261
114.10, 0.00010734840706737575
114.20, 0.0001050690824707534
114.30, 0.00010278599345481548
114.40, 0.00010049914001956204
114.50, 9.82085221649931e-05
114.60, 9.591413989110864e-05
114.70, 9.361599319790859e-05
114.80, 9.131408208539306e-05
114.90, 8.900840655356201e-05
115.00, 8.66989666024156e-05
115.10, 8.525487403042942e-05
115.20, 8.380972299131094e-05
115.30, 8.236351348506013e-05
115.40, 8.091624551167701e-05
115.50, 7.94679190711616e-05
115.60, 7.801853416351386e-05
115.70, 7.656809078873385e-05
115.80, 7.511658894682149e-05
115.90, 7.366402863777683e-05
116.00, 7.22104098616001e-05
116.10, 7.184969504253923e-05
116.20, 7.148496094555368e-05
116.30, 7.111620757064352e-05
116.40, 7.074343491780871e-05
116.50, 7.03666429870493e-05
116.60, 6.998583177836525e-05
116.70, 6.960100129175656e-05
116.80, 6.921215152722324e-05
116.90, 6.881928248476531e-05
117.00, 6.84223941643828e-05
117.10, 6.834737232326544e-05
117.20, 6.826942957637891e-05
117.30, 6.818856592372319e-05
117.40, 6.810478136529824e-05
117.50, 6.801807590110415e-05
117.60, 6.792844953114086e-05
117.70, 6.783590225540841e-05
117.80, 6.774043407390675e-05
117.90, 6.764204498663592e-05
118.00, 6.754073499359594e-05
118.10, 6.759662926867015e-05
118.20, 6.765074064900201e-05
118.30, 6.770306913459156e-05
118.40, 6.775361472543877e-05
118.50, 6.78023774215436e-05
118.60, 6.784935722290616e-05
118.70, 6.789455412952633e-05
118.80, 6.793796814140419e-05
118.90, 6.797959925853969e-05
119.00, 6.80194474809329e-05
119.10, 6.821098568606727e-05
119.20, 6.840182386392332e-05
119.30, 6.859196201450104e-05
119.40, 6.878140013780043e-05
119.50, 6.897013823382151e-05
119.60, 6.915817630256427e-05
119.70, 6.934551434402869e-05
119.80, 6.95321523582148e-05
119.90, 6.971809034512258e-05
120.00, 6.990332830475213e-05
120.10, 7.035065069112292e-05
120.20, 7.079941756139205e-05
120.30, 7.124963021555255e-05
120.40, 7.170128995359753e-05
120.50, 7.215439807552013e-05
120.60, 7.267846109236894e-05
120.70, 7.320457261715476e-05
120.80, 7.373273458045562e-05
120.90, 7.426294891284945e-05
121.00, 7.479521754491427e-05
121.10, 7.554791084394869e-05
121.20, 7.630542363286937e-05
121.30, 7.70677708449557e-05
121.40, 7.783496741348716e-05
121.50, 7.86070282717432e-05
121.60, 7.944863578392407e-05
121.70, 8.029581435696332e-05
121.80, 8.11485815738631e-05
121.90, 8.200695501762553e-05
122.00, 8.287095227125288e-05
122.10, 8.409134053552273e-05
122.20, 8.532100927218335e-05
122.30, 8.655997313740574e-05
122.40, 8.780824678736088e-05
122.50, 8.906584487821977e-05
122.60, 9.0623415466481e-05
122.70, 9.219382102823822e-05
122.80, 9.377708204744157e-05
122.90, 9.537321900804126e-05
123.00, 9.698225239398772e-05
123.10, 9.963048766251609e-05
123.20, 0.00010231230789949073
123.30, 0.00010502776669054645
123.40, 0.00010777691762131806
123.50, 0.0001105598142774405
123.60, 0.00011423900356178124
123.70, 0.00011796768207707007
123.80, 0.00012174592899337383
123.90, 0.00012557382348075955
124.00, 0.00012945144470929442
124.10, 0.0001346378287436429
124.20, 0.0001399171840350718
124.30, 0.00014528964681758292
124.40, 0.0001507553533251779
124.50, 0.00015631443979185875
124.60, 0.00016227809276274474
124.70, 0.0001683431381943365
124.80, 0.0001745097238193564
124.90, 0.00018077799737052725
125.00, 0.00018714810658057162
125.10, 0.0001944805564308289
125.20, 0.00020195406458009202
125.30, 0.00020956880731651148
125.40, 0.00021732496092823766
125.50, 0.00022522270170342125
125.60, 0.00023348431541324647
125.70, 0.0002418946579007941
125.80, 0.0002504539140654747
125.90, 0.0002591622688066989
126.00, 0.0002680199070238778
126.10, 0.0002796257938545617
126.20, 0.00029148221061015884
126.30, 0.00030358948109323545
126.40, 0.00031594792910635746
126.50, 0.00032855787845209133
126.60, 0.0003425872089374619
126.70, 0.0003569114471463953
126.80, 0.0003715309729838019
126.90, 0.0003864461663545922
127.00, 0.00040165740716367727
127.10, 0.00042032651367424295
127.20, 0.0004394273910413379
127.30, 0.0004589606352599576
127.40, 0.0004789268423250979
127.50, 0.0004993266082317547
127.60, 0.0005185893676411675
127.70, 0.0005382192345747881
127.80, 0.0005582167100497584
127.90, 0.0005785822950832198
128.00, 0.0005993164906923146
128.10, 0.0006238292576034665
128.20, 0.0006487645593082896
128.30, 0.0006741230244437666
128.40, 0.0006999052816468792
128.50, 0.0007261119595546101
128.60, 0.0007531481227201532
128.70, 0.0007806299988826838
128.80, 0.000808558247649375
128.90, 0.0008369335286273993
129.00, 0.000865756501423933
129.10, 0.0009098966340226525
129.20, 0.0009550504027541549
129.30, 0.001001219517624438
129.40, 0.0010484056886394997
129.50, 0.0010966106258053394
129.60, 0.0011533297699021284
129.70, 0.001211492882635057
129.80, 0.001271102405908107
129.90, 0.0013321607816252578
130.00, 0.0013946704516904925
130.10, 0.0014677581056406967
130.20, 0.0015423293452700557
130.30, 0.001618386978518435
130.40, 0.001695933813325702
130.50, 0.0017749726576317241
130.60, 0.0018521963562732472
130.70, 0.0019307073107578093
130.80, 0.0020105079132926723
130.90, 0.002091600556085098
131.00, 0.002173987631342356
131.10, 0.0022874164012609034
131.20, 0.002402353941342689
131.30, 0.0025188033565609947
131.40, 0.002636767751889104
131.50, 0.0027562502323003005
131.60, 0.00286892377083331
131.70, 0.002982527308928711
131.80, 0.0030970626049277267
131.90, 0.0032125314171715822
132.00, 0.0033289355040015144
132.10, 0.0035075226319181553
132.20, 0.003687047827927419
132.30, 0.003867512762142311
132.40, 0.004048919104675834
132.50, 0.004231268525640992
132.60, 0.004414219481847942
132.70, 0.0045980895116507
132.80, 0.004782880214022175
132.90, 0.004968593187935271
133.00, 0.005155230032362903
133.10, 0.005374135648730713
133.20, 0.005594548314795097
133.30, 0.005816470520958115
133.40, 0.006039904757621837
133.50, 0.006264853515188332
133.60, 0.006497253452719588
133.70, 0.006731553140981874
133.80, 0.006967755832584638
133.90, 0.007205864780137344
134.00, 0.0074458832362494145
134.10, 0.00759654985698947
134.20, 0.007748269488925622
134.30, 0.007901042764836247
134.40, 0.008054870317499721
134.50, 0.008209752779694423
134.60, 0.008343265593048493
134.70, 0.008477180296439945
134.80, 0.008611497110758278
134.90, 0.008746216256893
135.00, 0.008881337955733601
135.10, 0.008996974945598117
135.20, 0.00911171166840428
135.30, 0.00922554763850037
135.40, 0.009338482370234677
135.50, 0.009450515377955472
135.60, 0.009513437481128328
135.70, 0.009574018943688008
135.80, 0.009632258545958084
135.90, 0.009688155068262134
136.00, 0.00974170729092373
136.10, 0.009798278503970791
136.20, 0.00985130022199849
136.30, 0.00990077072889752
136.40, 0.00994668830855857
136.50, 0.009989051244872349
136.60, 0.010073533071102722
136.70, 0.010155862337304027
136.80, 0.010236037995964802
136.90, 0.010314058999573585
137.00, 0.01038992430061894
137.10, 0.010592384386698107
137.20, 0.010795603227096216
137.30, 0.010999581107588795
137.40, 0.011204318313951363
137.50, 0.011409815131959468
137.60, 0.011695156493191734
137.70, 0.011983766894402469
137.80, 0.012275647629905613
137.90, 0.012570799994015114
138.00, 0.012869225281044913
138.10, 0.013232921632851039
138.20, 0.013601296498476355
138.30, 0.013974351019028605
138.40, 0.014352086335615546
138.50, 0.014734503589344913
138.60, 0.015091366636400623
138.70, 0.015451923219088743
138.80, 0.0158161742350907
138.90, 0.01618412058208792
139.00, 0.016555763157761843
139.10, 0.016936476718042433
139.20, 0.017319901082957223
139.30, 0.017706036830935672
139.40, 0.018094884540407252
139.50, 0.01848644478980144
139.60, 0.01884992861812828
139.70, 0.01921509577428589
139.80, 0.019581946613336447
139.90, 0.01995048149034213
140.00, 0.020320700760365108
140.10, 0.02077178182751704
140.20, 0.021225321064227625
140.30, 0.021681319357473985
140.40, 0.022139777594233245
140.50, 0.022600696661482546
140.60, 0.023099672918726947
140.70, 0.023602333431118866
140.80, 0.024108679544021076
140.90, 0.024618712602796355
141.00, 0.025132433952807495
141.10, 0.02576857643773035
141.20, 0.026410506652247253
141.30, 0.027058226564336835
141.40, 0.02771173814197773
141.50, 0.02837104335314858
141.60, 0.029045816709565898
141.70, 0.029726723807664647
141.80, 0.030413766731863665
141.90, 0.03110694756658182
142.00, 0.03180626839623798
142.10, 0.03258668662158641
142.20, 0.033373329166343856
142.30, 0.034166197966977924
142.40, 0.03496529495995621
142.50, 0.03577062208174635
142.60, 0.03651530057985317
142.70, 0.037263870764686
142.80, 0.0380163338290204
142.90, 0.038772690965632
143.00, 0.039532943367296375
143.10, 0.04037409644409725
143.20, 0.0412163856119754
143.30, 0.042059811168768155
143.40, 0.04290437341231286
143.50, 0.0437500726404469
143.60, 0.04451316866120013
143.70, 0.045274318435347974
143.80, 0.04603352131335578
143.90, 0.04679077664568894
144.00, 0.04754608378281281
144.10, 0.048448510731957335
144.20, 0.049344769861645106
144.30, 0.0502348591817479
144.40, 0.051118776702137464
144.50, 0.05199652043268561
144.60, 0.052785727559204285
144.70, 0.053565540612496236
144.80, 0.0543359566011538
144.90, 0.05509697253376934
145.00, 0.055848585418935226
145.10, 0.05668951192177911
145.20, 0.05751684916301946
145.30, 0.058330596278394445
145.40, 0.059130752403642246
145.50, 0.05991731667450108
145.60, 0.06066465894108118
145.70, 0.061397451618185724
145.80, 0.06211569378098557
145.90, 0.06281938450465156
146.00, 0.06350852286435467
146.10, 0.06433607158198146
146.20, 0.0651475841855519
146.30, 0.06594305985658618
146.40, 0.06672249777660436
146.50, 0.06748589712712667
146.60, 0.06826343062321662
146.70, 0.06902598301539051
146.80, 0.0697735535390736
146.90, 0.07050614142969105
147.00, 0.07122374592266828
147.10, 0.07202277417661201
147.20, 0.07280650771480963
147.30, 0.07357494597996661
147.40, 0.07432808841478854
147.50, 0.07506593446198094
147.60, 0.07577286628246618
147.70, 0.0764640063666146
147.80, 0.07713935413916095
147.90, 0.07779890902484
148.00, 0.07844267044838653
148.10, 0.0790082113521034
148.20, 0.07955619417269576
148.30, 0.08008661847180788
148.40, 0.080599483811084
148.50, 0.0810947897521684
148.60, 0.08148957948784769
148.70, 0.08186454497825535
148.80, 0.0822196857285803
148.90, 0.08255500124401145
149.00, 0.08287049102973763
149.10, 0.08305147740180714
149.20, 0.08321340968029935
149.30, 0.08335628760766481
149.40, 0.08348011092635423
149.50, 0.0835848793788183
149.60, 0.08380710637147602
149.70, 0.084013319079437
149.80, 0.08420351728623655
149.90, 0.08437770077541001
150.00, 0.08453586933049269
150.10, 0.08477156764230791
150.20, 0.084997860436902
150.30, 0.08521474728369204
150.40, 0.08542222775209515
150.50, 0.08562030141152856
150.60, 0.0862098968311944
150.70, 0.08679694996559636
150.80, 0.08738146069762581
150.90, 0.08796342891017397
151.00, 0.08854285448613221
151.10, 0.08927871331520017
151.20, 0.09001682085913705
151.30, 0.0907571771945126
151.40, 0.09149978239789656
151.50, 0.09224463654585885
151.60, 0.09321037194059358
151.70, 0.0941810076176685
151.80, 0.09515654374443043
151.90, 0.09613698048822635
152.00, 0.09712231801640307
152.10, 0.09810893020024215
152.20, 0.09910030004189586
152.30, 0.10009642764982926
152.40, 0.10109731313250742
152.50, 0.10210295659839554
152.60, 0.10336485179412243
152.70, 0.10463345392093493
152.80, 0.10590876313177663
152.90, 0.10719077957959133
153.00, 0.10847950341732261
153.10, 0.10989193646908264
153.20, 0.1113094679059889
153.30, 0.11273209780204078
153.40, 0.11415982623123755
153.50, 0.11559265326757874
153.60, 0.11724558832682772
153.70, 0.11890454307278633
153.80, 0.12056951759282596
153.90, 0.12224051197431789
154.00, 0.12391752630463351
154.10, 0.12540388322654072
154.20, 0.12689032380163975
154.30, 0.1283768471324853
154.40, 0.12986345232163213
154.50, 0.13135013847163501
154.60, 0.1327598409229409
154.70, 0.13416961704510333
154.80, 0.13557946598734236
154.90, 0.13698938689887802
155.00, 0.13839937892893017
155.10, 0.13942318831816367
155.20, 0.14044121383409364
155.30, 0.14145346299807
155.40, 0.1424599433314427
155.50, 0.14346066235556182
155.60, 0.14436491614572206
155.70, 0.1452638368431511
155.80, 0.14615743145280022
155.90, 0.14704570697962027
156.00, 0.1479286704285624
156.10, 0.14869170662362952
156.20, 0.149450071248661
156.30, 0.15020377026036677
156.40, 0.15095280961545696
156.50, 0.15169719527064146
156.60, 0.15228783820983688
156.70, 0.15287451621664194
156.80, 0.1534572344281457
156.90, 0.1540359979814373
157.00, 0.1546108120136057
157.10, 0.15517081242999348
157.20, 0.15572899235231624
157.30, 0.15628535355030454
157.40, 0.156839897793689
157.50, 0.15739262685220032
157.60, 0.15777077295643488
157.70, 0.15814755134412026
157.80, 0.15852296337893074
157.90, 0.1588970104245409
158.00, 0.159269693844625
158.10, 0.15962830148598461
158.20, 0.15998663693234913
158.30, 0.16034470000338594
158.40, 0.16070249051876212
158.50, 0.1610600082981452
158.60, 0.16125328207610257
158.70, 0.16144638329476965
158.80, 0.16163931184654046
158.90, 0.1618320676238089
159.00, 0.1620246505189689
159.10, 0.16211814522860624
159.20, 0.16221158193985855
159.30, 0.16230496054728105
159.40, 0.1623982809454288
159.50, 0.16249154302885704
159.60, 0.1624289803129261
159.70, 0.16236634110191037
159.80, 0.16230362548645288
159.90, 0.16224083355719654
160.00, 0.1621779654047843
160.10, 0.161828852331964
160.20, 0.16148004865202456
160.30, 0.16113155427510847
160.40, 0.16078336911135838
160.50, 0.16043549307091703
160.60, 0.15993994201761785
160.70, 0.1594448670398233
160.80, 0.15895026799593528
160.90, 0.1584561447443558
161.00, 0.15796249714348673
161.10, 0.1572267417877487
161.20, 0.15649252072004244
161.30, 0.1557598327010965
161.40, 0.1550286764916393
161.50, 0.15429905085239926
161.60, 0.15343625131422953
161.70, 0.15257534430221625
161.80, 0.1517163282557713
161.90, 0.1508592016143065
162.00, 0.1500039628172337
162.10, 0.1488942233050015
162.20, 0.1477882702167712
162.30, 0.14668609985261633
162.40, 0.1455877085126104
162.50, 0.14449309249682704
162.60, 0.14332999108930403
162.70, 0.14217099684713524
162.80, 0.14101610571498122
162.90, 0.1398653136375024
163.00, 0.13871861655935927
163.10, 0.1374090027049097
163.20, 0.13610550890459272
163.30, 0.13480812876478396
163.40, 0.133516855891859
163.50, 0.13223168389219342
163.60, 0.1310221441777867
163.70, 0.12981820181004178
163.80, 0.1286198509416688
163.90, 0.1274270857253782
164.00, 0.12623990031388027
164.10, 0.12514974580610375
164.20, 0.12406472600425669
164.30, 0.12298483559715921
164.40, 0.1219100692736314
164.50, 0.1208404217224936
164.60, 0.12027634379058232
164.70, 0.11971253304957903
164.80, 0.11914898969762136
164.90, 0.11858571393284702
165.00, 0.11802270595339374
165.10, 0.1179362680844679
165.20, 0.11784285072061425
165.30, 0.11774246337275962
165.40, 0.11763511555183075
165.50, 0.11752081676875459
165.60, 0.11773419948679843
165.70, 0.11793648595617447
165.80, 0.11812769093867194
165.90, 0.1183078291960801
166.00, 0.11847691549018803
166.10, 0.1185392358413232
166.20, 0.11858911711744197
166.30, 0.11862657573193451
166.40, 0.11865162809819105
166.50, 0.11866429062960182
166.60, 0.11851355960235876
166.70, 0.11835272180533289
166.80, 0.11818179083048037
166.90, 0.1180007802697576
167.00, 0.11780970371512073
167.10, 0.1173754376522454
167.20, 0.11693335667634225
167.30, 0.11648347139243534
167.40, 0.11602579240554894
167.50, 0.11556033032070716
167.60, 0.11492965828872725
167.70, 0.11429390516400395
167.80, 0.11365307823301538
167.90, 0.11300718478223983
168.00, 0.11235623209815541
168.10, 0.11155331115670815
168.20, 0.11074762896371346
168.30, 0.10993918984485321
168.40, 0.10912799812580924
168.50, 0.10831405813226343
168.60, 0.10738750473604207
168.70, 0.10646027086127965
168.80, 0.10553235832830474
168.90, 0.10460376895744596
169.00, 0.10367450456903186
169.10, 0.10267650448265717
169.20, 0.10167958155845556
169.30, 0.10068373543877664
169.40, 0.09968896576597003
169.50, 0.09869527218238541
169.60, 0.09762749634612293
169.70, 0.09656229847401043
169.80, 0.09549967642071444
169.90, 0.09443962804090153
170.00, 0.09338215118923826
170.10, 0.09235177259567795
170.20, 0.09132441478809289
170.30, 0.090300075682227
170.40, 0.08927875319382429
170.50, 0.08826044523862871
170.60, 0.08720975087269198
170.70, 0.08616278918089092
170.80, 0.08511955748122464
170.90, 0.08408005309169236
171.00, 0.08304427333029332
171.10, 0.08206180391866762
171.20, 0.08108308071184436
171.30, 0.08010810105381107
171.40, 0.07913686228855521
171.50, 0.07816936176006424
171.60, 0.07720608486165308
171.70, 0.07624653073616555
171.80, 0.07529069673575652
171.90, 0.07433858021258073
172.00, 0.073390178518793
172.10, 0.07252953393826597
172.20, 0.07167197372798201
172.30, 0.07081749578056441
172.40, 0.06996609798863665
172.50, 0.06911777824482208
172.60, 0.06829420400389939
172.70, 0.06747325007506602
172.80, 0.06665491470471331
172.90, 0.06583919613923266
173.00, 0.0650260926250155
173.10, 0.06431110202364515
173.20, 0.06359795682882086
173.30, 0.06288665589525937
173.40, 0.06217719807767745
173.50, 0.06146958223079197
173.60, 0.060791398654209176
173.70, 0.0601144813205733
173.80, 0.0594388295159125
173.90, 0.058764442526255026
174.00, 0.05809131963762909
174.10, 0.057520109805470516
174.20, 0.05694936049394043
174.30, 0.056379071565675704
174.40, 0.05580924288331315
174.50, 0.05523987430948963
174.60, 0.054712808594893844
174.70, 0.05418534660965059
174.80, 0.05365748883708253
174.90, 0.05312923576051242
175.00, 0.05260058786326302
175.10, 0.05219438753135801
175.20, 0.05178671192631523
175.30, 0.05137756223693244
175.40, 0.0509669396520074
175.50, 0.050554845360337886
175.60, 0.05019515241576851
175.70, 0.04983291665026476
175.80, 0.04946814000259809
175.90, 0.049100824411540026
176.00, 0.04873097181586207
176.10, 0.04844592858306884
176.20, 0.04815807814618908
176.30, 0.04786742250570114
176.40, 0.04757396366208336
176.50, 0.0472777036158141
176.60, 0.0469742306354558
176.70, 0.04666804597438746
176.80, 0.04635915157603953
176.90, 0.04604754938384252
177.00, 0.04573324134122691
177.10, 0.04544113642721448
177.20, 0.045147248607373354
177.30, 0.044851579435224755
177.40, 0.044554130464289875
177.50, 0.04425490324808987
177.60, 0.04391528144019966
177.70, 0.04357460260954973
177.80, 0.043232867748369014
177.90, 0.04289007784888645
178.00, 0.042546233903330934
178.10, 0.04220290967751989
178.20, 0.041859426315560826
178.30, 0.04151578408160064
178.40, 0.041171983239786165
178.50, 0.04082802405426429
178.60, 0.040439434814232844
178.70, 0.04005148584932646
178.80, 0.03966417681049873
178.90, 0.03927750734870329
179.00, 0.03889147711489371
179.10, 0.03850256282640741
179.20, 0.0381149362156561
179.30, 0.037728596455634304
179.40, 0.037343542719336556
179.50, 0.03695977417975741
179.60, 0.036529948019754246
179.70, 0.0361022248521349
179.80, 0.03567660324943878
179.90, 0.03525308178420534
180.00, 0.034831659028973984
180.10, 0.03443795932916479
180.20, 0.03404607863494162
180.30, 0.033656020199400324
180.40, 0.033267787275636715
180.50, 0.03288138311674662
180.60, 0.032459502441207586
180.70, 0.03204002023257181
180.80, 0.03162294062022526
180.90, 0.031208267733553938
181.00, 0.0307960057019438
181.10, 0.030384602781456656
181.20, 0.02997573867753431
181.30, 0.02956941783261311
181.40, 0.02916564468912942
181.50, 0.02876442368951961
181.60, 0.028347057579968995
181.70, 0.02793252383098152
181.80, 0.02752082731833232
181.90, 0.027111972917796545
182.00, 0.026705965505149323
182.10, 0.026302679569578685
182.20, 0.025902225047222577
182.30, 0.025504606905044174
182.40, 0.02510983011000665
182.50, 0.02471789962907317
182.60, 0.02430818111425515
182.70, 0.023901607215206858
182.80, 0.023498183369604398
182.90, 0.023097915015123937
183.00, 0.022700807589441586
183.10, 0.022370365979965653
183.20, 0.022042150490759204
183.30, 0.021716165135845063
183.40, 0.021392413929246085
183.50, 0.021070900884985148
183.60, 0.020962678255819465
183.70, 0.0208538646192994
183.80, 0.020744459249875717
183.90, 0.020634461421999165
184.00, 0.02052387041012058
184.10, 0.020666022252990936
184.20, 0.020804678875613578
184.30, 0.02093983453999521
184.40, 0.021071483508142586
184.50, 0.021199620042062446
184.60, 0.021372482078373715
184.70, 0.02154119650489654
184.80, 0.02170575652147168
184.90, 0.0218661553279399
185.00, 0.02202238612414195
185.10, 0.02212266155582971
185.20, 0.022219927326861413
185.30, 0.02231417891848768
185.40, 0.02240541181195916
185.50, 0.02249362148852644
185.60, 0.0225059187870443
185.70, 0.022516109754582965
185.80, 0.02252419132318773
185.90, 0.022530160424903935
186.00, 0.02253401399177688
186.10, 0.022491030862201514
186.20, 0.0224468225245536
186.30, 0.02240138723846256
186.40, 0.022354723263557825
186.50, 0.022306828859468806
186.60, 0.02221428282762377
186.70, 0.022121040159803193
186.80, 0.022027099975394485
186.90, 0.02193246139378508
187.00, 0.02183712353436238
187.10, 0.021720536334410106
187.20, 0.021603693755421982
187.30, 0.02148659560581342
187.40, 0.021369241693999858
187.50, 0.021251631828396723
187.60, 0.021104325157985195
187.70, 0.02095711815623857
187.80, 0.02081001121219082
187.90, 0.02066300471487592
188.00, 0.020516099053327855
188.10, 0.020355152494620343
188.20, 0.020194580948204748
188.30, 0.020034385257390874
188.40, 0.01987456626548851
188.50, 0.019715124815807446
188.60, 0.01953364359986337
188.70, 0.019352807970713697
188.80, 0.019172619213780506
188.90, 0.018993078614485882
189.00, 0.01881418745825192
189.10, 0.01862295619448404
189.20, 0.01843257254510214
189.30, 0.018243038148740013
189.40, 0.018054354644031496
189.50, 0.01786652366961041
189.60, 0.017661277868569
189.70, 0.017457102058615396
189.80, 0.017253998239186864
189.90, 0.01705196840972073
190.00, 0.016851014569654252
190.10, 0.01664581812978486
190.20, 0.01644176311876794
190.30, 0.016238851679893106
190.40, 0.016037085956449964
190.50, 0.015836468091728135
190.60, 0.01562535640756301
190.70, 0.015415532377279497
190.80, 0.015206998375341193
190.90, 0.014999756776211707
191.00, 0.014793809954354654
191.10, 0.014595381092984845
191.20, 0.014398158355724089
191.30, 0.014202144001320784
191.40, 0.014007340288523327
191.50, 0.013813749476080113
191.60, 0.0136442434804496
191.70, 0.01347568920845668
191.80, 0.013308088460443792
191.90, 0.013141443036753369
192.00, 0.012975754737727859
192.10, 0.012869826240903378
192.20, 0.012764189617634987
192.30, 0.012658845527590997
192.40, 0.012553794630439702
192.50, 0.012449037585849443
192.60, 0.012413804337133362
192.70, 0.012378060999703186
192.80, 0.012341806830721235
192.90, 0.012305041087349807
193.00, 0.012267763026751241
193.10, 0.01227912839616594
193.20, 0.012289508172464646
193.30, 0.012298900759840277
193.40, 0.01230730456248574
193.50, 0.012314717984593947
193.60, 0.01232674314433436
193.70, 0.012337709251113884
193.80, 0.012347614594288249
193.90, 0.012356457463213172
194.00, 0.012364236147244379
194.10, 0.012359593800757398
194.20, 0.012354126025025816
194.30, 0.01234783150230603
194.40, 0.012340708914854448
194.50, 0.012332756944927463
194.60, 0.012300454590744286
194.70, 0.012267597423193156
194.80, 0.012234184613497711
194.90, 0.012200215332881584
195.00, 0.012165688752568396
195.10, 0.01210963707739505
195.20, 0.012053340034515017
195.30, 0.011996797339385828
195.40, 0.011940008707464995
195.50, 0.011882973854210036
195.60, 0.011803214593306055
195.70, 0.01172347908176893
195.80, 0.011643767501220084
195.90, 0.011564080033280914
196.00, 0.01148441685957284
196.10, 0.011387388220226698
196.20, 0.011290633175909528
196.30, 0.011194152337947235
196.40, 0.011097946317665726
196.50, 0.011002015726390896
196.60, 0.010885126747816082
196.70, 0.010768773763875673
196.80, 0.010652957834244595
196.90, 0.010537680018597773
197.00, 0.010422941376610125
197.10, 0.010292306364671043
197.20, 0.010162421549549739
197.30, 0.010033288365614039
197.40, 0.009904908247231763
197.50, 0.009777282628770728
197.60, 0.009631377953800247
197.70, 0.009486467040874988
197.80, 0.009342551734306934
197.90, 0.009199633878408083
198.00, 0.00905771531749042
198.10, 0.008903283004084283
198.20, 0.008749999464321707
198.30, 0.008597866813853598
198.40, 0.008446887168330862
198.50, 0.00829706264340439
198.60, 0.008134504251516019
198.70, 0.007973280229207149
198.80, 0.00781339299577588
198.90, 0.007654844970520332
199.00, 0.007497638572738606
199.10, 0.007333939774334415
199.20, 0.007171641104240703
199.30, 0.007010745099834113
199.40, 0.006851254298491284
199.50, 0.006693171237588853
199.60, 0.0065281093327723356
199.70, 0.006364567727418553
199.80, 0.0062025491454349956
199.90, 0.006042056310729168
200.00, 0.0058830919472085625
200.10, 0.005723365075346841
200.20, 0.005565165933385841
200.30, 0.0054084948885374465
200.40, 0.005253352308013546
200.50, 0.0050997385590260255
200.60, 0.004938193142777092
200.70, 0.004778298729406479
200.80, 0.00462005571518161
200.90, 0.004463464496369906
201.00, 0.00430852546923879
201.10, 0.004153906424046626
201.20, 0.004000891544510125
201.30, 0.0038494812430715573
201.40, 0.003699675932173195
201.50, 0.0035514760242573167
201.60, 0.0034255055999111044
201.70, 0.0033008727762567185
201.80, 0.0031775778969272746
201.90, 0.00305562130555589
202.00, 0.002935003345775702
202.10, 0.0028690703297234808
202.20, 0.0028037383178518365
202.30, 0.002739007475336852
202.40, 0.0026748779673546044
202.50, 0.0026113499590812036
202.60, 0.002610467603449515
202.70, 0.0026093674730352807
202.80, 0.002608049509228613
202.90, 0.0026065136534196252
203.00, 0.002604759846998451
203.10, 0.0026409416409249858
203.20, 0.002676434765945717
203.30, 0.002711239023141025
203.40, 0.002745354213591294
203.50, 0.0027787801383769087
203.60, 0.0028172528382096546
203.70, 0.0028549590377216125
203.80, 0.0028918985157156984
203.90, 0.0029280710509948307
204.00, 0.002963476422361919
204.10, 0.0029865111049793332
204.20, 0.0030089867010682646
204.30, 0.003030903041302721
204.40, 0.0030522599563567172
204.50, 0.0030730572769042553
204.60, 0.003074863814368929
204.70, 0.0030763605640676873
204.80, 0.003077547432892204
204.90, 0.0030784243277341603
205.00, 0.0030789911554852203
205.10, 0.0030631208444466163
205.20, 0.003047189531411358
205.30, 0.003031197195581637
205.40, 0.0030151438161596417
205.50, 0.0029990293723475545
205.60, 0.0029680657640175703
205.70, 0.00293724257438507
205.80, 0.002906559857378046
205.90, 0.0028760176669244877
206.00, 0.0028456160569523855
206.10, 0.0028047584823600634
206.20, 0.002764190005345889
206.30, 0.0027239107265964327
206.40, 0.002683920746798267
206.50, 0.0026442201666379587
206.60, 0.002595595762249749
206.70, 0.002547387709888637
206.80, 0.0024995961536898046
206.90, 0.0024522212377884327
207.00, 0.0024052631063197017
207.10, 0.0023519083469335693
207.20, 0.0022990511321112194
207.30, 0.0022466916047175975
207.40, 0.0021948299076176496
207.50, 0.002143466183676319
207.60, 0.002085765200096685
207.70, 0.002028657371250471
207.80, 0.0019721428670594304
207.90, 0.0019162218574453188
208.00, 0.0018608945123298874
208.10, 0.0018009222052123614
208.20, 0.0017415975506310953
208.30, 0.0016829207430088511
208.40, 0.0016248919767683923
208.50, 0.0015675114463324779
208.60, 0.001506413377422534
208.70, 0.0014460261982351728
208.80, 0.001386350121793492
208.90, 0.0013273853611205882
209.00, 0.0012691321292395599
209.10, 0.001211482977921798
209.20, 0.0011545006190917632
209.30, 0.0010981852611738902
209.40, 0.0010425371125926137
209.50, 0.000987556381772369
209.60, 0.0009386226225552534
209.70, 0.000890280727302195
209.80, 0.0008425308807788869
209.90, 0.0007953732677510221
210.00, 0.0007488080729842997
210.10, 0.0007156087737520809
210.20, 0.0006828016501828712
210.30, 0.0006503867942744986
210.40, 0.0006183642980247912
210.50, 0.0005867342534315843
210.60, 0.0005715428823424617
210.70, 0.0005565103657823789
210.80, 0.0005416367410644456
210.90, 0.0005269220455017698
211.00, 0.0005123663164074675
211.10, 0.0005132969197740169
211.20, 0.0005141641389227572
211.30, 0.0005149679581619244
211.40, 0.0005157083617997554
211.50, 0.0005163853341444905
211.60, 0.0005265528791130828
211.70, 0.0005365183541030914
211.80, 0.0005462817088131496
211.90, 0.0005558428929418905
212.00, 0.0005652018561879495
212.10, 0.0005777907572595168
212.20, 0.0005901439695351004
212.30, 0.0006022614308358205
212.40, 0.0006141430789827977
212.50, 0.000625788851797151
212.60, 0.0006354255367257577
212.70, 0.0006448523184912532
212.80, 0.0006540691418139687
212.90, 0.0006630759514142351
213.00, 0.0006718726920123814
213.10, 0.000676158455167948
213.20, 0.0006803157675867144
213.30, 0.0006843445937646089
213.40, 0.0006882448981975602
213.50, 0.0006920166453814938
213.60, 0.0006897610451502835
213.70, 0.0006874634975915985
213.80, 0.000685123991302409
213.90, 0.0006827425148796846
214.00, 0.0006803190569203932
214.10, 0.0006724755323106905
214.20, 0.0006646745752033748
214.30, 0.000656916198346405
214.40, 0.0006492004144877404
214.50, 0.0006415272363753378
214.60, 0.0006287871303493946
214.70, 0.0006161642613050748
214.80, 0.0006036586638345372
214.90, 0.0005912703725299411
215.00, 0.0005789994219834439
215.10, 0.0005632388201363654
215.20, 0.0005476396462505464
215.30, 0.000532201956714731
215.40, 0.0005169258079176639
215.50, 0.0005018112562480868
215.60, 0.0004843447583361491
215.70, 0.000467075798666107
215.80, 0.0004500044460570219
215.90, 0.0004331307693279554
216.00, 0.00041645483729796866
216.10, 0.00039946661604848524
216.20, 0.0003826758131671566
216.30, 0.00036608249952630215
216.40, 0.00034968674599824103
216.50, 0.000333488623455293
216.60, 0.00031895749721797673
216.70, 0.0003046026894298949
216.80, 0.0002904242632974931
216.90, 0.0002764222820272166
217.00, 0.0002625968088255128
217.10, 0.00025272603869137274
217.20, 0.00024296809639777473
217.30, 0.00023332302378086932
217.40, 0.00022379086267680697
217.50, 0.00021437165492174096
217.60, 0.00021047395826726556
217.70, 0.00020661013745998152
217.80, 0.00020278020513661462
217.90, 0.00019898417393389076
218.00, 0.0001952220564885387
218.10, 0.00019787939786879486
218.20, 0.00020048133516415627
218.30, 0.00020302784750906536
218.40, 0.00020551891403796442
218.50, 0.00020795451388529868
218.60, 0.00021621374138452887
218.70, 0.00022433339542596824
218.80, 0.00023231342333063777
218.90, 0.0002401537724195585
219.00, 0.0002478543900137536
219.10, 0.0002599666082157867
219.20, 0.0002718910535732735
219.30, 0.00028362765310965674
219.40, 0.00029517633384837973
219.50, 0.0003065370228128861
219.60, 0.0003201397080225046
219.70, 0.0003335200235080525
219.80, 0.00034667788297539575
219.90, 0.00035961320013040037
220.00, 0.00037232588867893243
220.10, 0.0003843280136362422
220.20, 0.00039613244044616044
220.30, 0.00040773909888330764
220.40, 0.00041914791872230524
220.50, 0.0004303588297377735
220.60, 0.0004405444854246473
220.70, 0.00045054373615659177
220.80, 0.00046035651585206276
220.90, 0.0004699827584295163
221.00, 0.0004794223978074077
221.10, 0.0004873591090883668
221.20, 0.0004951494766517652
221.30, 0.0005027934472230208
221.40, 0.0005102909675275512
221.50, 0.0005176419842907726
221.60, 0.0005227599957705993
221.70, 0.0005277598081500665
221.80, 0.0005326413785388775
221.90, 0.0005374046640467357
222.00, 0.0005420496217833434
222.10, 0.0005445827669777359
222.20, 0.0005470356970820429
222.30, 0.0005494083823956265
222.40, 0.0005517007932178497
222.50, 0.0005539128998480732
222.60, 0.0005537594178086447
222.70, 0.0005535565501266607
222.80, 0.0005533042786842338
222.90, 0.0005530025853634768
223.00, 0.0005526514520465012
223.10, 0.0005504556392928042
223.20, 0.0005482430004807634
223.30, 0.0005460135294878004
223.40, 0.0005437672201913376
223.50, 0.0005415040664687958
223.60, 0.0005371885631141464
223.70, 0.0005328827296280211
223.80, 0.0005285865700638719
223.90, 0.0005243000884751505
224.00, 0.000520023288915308
224.10, 0.0005141792809122655
224.20, 0.0005083671726493965
224.30, 0.0005025869769810047
224.40, 0.0004968387067613931
224.50, 0.0004911223748448641
224.60, 0.0004837852922125646
224.70, 0.0004765013637576854
224.80, 0.00046927061064355166
224.90, 0.00046209305403348814
225.00, 0.00045496871509081955
225.10, 0.00044679558658170356
225.20, 0.0004386880691849047
225.30, 0.0004306461882943221
225.40, 0.00042266996930385547
225.50, 0.0004147594376074036
225.60, 0.0004057767819497973
225.70, 0.00039687431705494905
225.80, 0.0003880520738435684
225.90, 0.00037931008323636485
226.00, 0.0003706483761540473
226.10, 0.0003614566981044663
226.20, 0.00035234665294216953
226.30, 0.0003433182728642918
226.40, 0.00033437159006796853
226.50, 0.0003255066367503349
226.60, 0.00031615398412280875
226.70, 0.00030688998144067945
226.80, 0.00029771466358323163
226.90, 0.00028862806542975024
227.00, 0.0002796302218595198
227.10, 0.00027071341762461193
227.20, 0.0002618773110556179
227.30, 0.000253121924992096
227.40, 0.0002444472822736048
227.50, 0.00023585340573970248
227.60, 0.00022750132626746123
227.70, 0.00021922824384768225
227.80, 0.00021103418080858135
227.90, 0.00020291915947837457
228.00, 0.0001948832021852783
228.10, 0.00018763529489560564
228.20, 0.00018044955504906607
228.30, 0.00017332599759836914
228.40, 0.00016626463749622435
228.50, 0.00015926548969534166
228.60, 0.000153254945672067
228.70, 0.0001472972198426781
228.80, 0.0001413923249005898
228.90, 0.00013554027353921704
229.00, 0.0001297410784519752
229.10, 0.00012528696902023605
229.20, 0.00012086907386214616
229.30, 0.0001164874020423121
229.40, 0.00011214196262534042
229.50, 0.00010783276467583821
229.60, 0.00010497403515578311
229.70, 0.0001021378708925037
229.80, 9.93242775352689e-05
229.90, 9.653326073334772e-05
230.00, 9.376482613600981e-05
230.10, 9.249164037646597e-05
230.20, 9.122608250934915e-05
230.30, 8.996815442405479e-05
230.40, 8.871785800997829e-05
230.50, 8.747519515651574e-05
230.60, 8.760324098065895e-05
230.70, 8.772630399110561e-05
230.80, 8.784438298187438e-05
230.90, 8.795747674698396e-05
231.00, 8.806558408045354e-05
231.10, 8.928570804885084e-05
231.20, 9.049112585630036e-05
231.30, 9.168183377036536e-05
231.40, 9.285782805860923e-05
231.50, 9.401910498859563e-05
231.60, 9.591871991951442e-05
231.70, 9.779662833772622e-05
231.80, 9.965282473218147e-05
231.90, 0.00010148730359183075
232.00, 0.00010330005940562471
232.10, 0.00010552925268489007
232.20, 0.00010773389971247968
232.30, 0.00010991399407043247
232.40, 0.00011206952934078746
232.50, 0.00011420049910558356
232.60, 0.00011640749325934721
232.70, 0.00011858897410999103
232.80, 0.00012074493499449399
232.90, 0.0001228753692498351
233.00, 0.00012498027021299335
233.10, 0.00012691367258377875
233.20, 0.00012882345859473065
233.30, 0.00013070962188299593
233.40, 0.0001325721560857217
233.50, 0.00013441105484005461
233.60, 0.00013587253251850945
233.70, 0.00013731375181316694
233.80, 0.00013873470727771922
233.90, 0.0001401353934658583
234.00, 0.00014151580493127605
234.10, 0.000142409991455367
234.20, 0.00014328839291121625
234.30, 0.00014415100496711298
234.40, 0.00014499782329134632
234.50, 0.0001458288435522051
234.60, 0.00014611780443909484
234.70, 0.00014639628269109338
234.80, 0.00014666427544810754
234.90, 0.0001469217798500441
235.00, 0.0001471687930368097
235.10, 0.0001468698320156736
235.20, 0.00014656606063601636
235.30, 0.00014625747754904456
235.40, 0.0001459440814059649
235.50, 0.00014562587085798366
235.60, 0.0001447791955516144
235.70, 0.00014393323526106457
235.80, 0.00014308799023541457
235.90, 0.00014224346072374468
236.00, 0.00014139964697513496
236.10, 0.00014009414686228284
236.20, 0.00013879441118678506
236.30, 0.0001375004416875346
236.40, 0.00013621224010342418
236.50, 0.00013492980817334652
236.60, 0.00013325451770972047
236.70, 0.0001315894014584448
236.80, 0.00012993446245153635
236.90, 0.00012828970372101196
237.00, 0.00012665512829888845
237.10, 0.00012473354745018428
237.20, 0.00012282546133352012
237.30, 0.00012093087344521493
237.40, 0.0001190497872815877
237.50, 0.00011718220633895725
237.60, 0.00011512305849934023
237.70, 0.00011307978449218949
237.80, 0.000111052388419753
237.90, 0.00010904087438427869
238.00, 0.00010704524648801436
238.10, 0.00010498939668458211
238.20, 0.00010295014100872861
238.30, 0.00010092748260046991
238.40, 9.892142459982245e-05
238.50, 9.693197014680241e-05
238.60, 9.498557804153926e-05
238.70, 9.305548008220886e-05
238.80, 9.114167934940728e-05
238.90, 8.924417892373064e-05
239.00, 8.736298188577505e-05
239.10, 8.565789658027667e-05
239.20, 8.396686214953262e-05
239.30, 8.228988135472619e-05
239.40, 8.062695695704091e-05
239.50, 7.897809171766031e-05
239.60, 7.758789896417033e-05
239.70, 7.620877806218968e-05
239.80, 7.484073118795085e-05
239.90, 7.348376051768625e-05
240.00, 7.213786822762854e-05
240.10, 7.115903700039915e-05
240.20, 7.018670638522547e-05
240.30, 6.922087781651912e-05
240.40, 6.826155272869177e-05
240.50, 6.730873255615511e-05
240.60, 6.675364607802859e-05
240.70, 6.620029378478714e-05
240.80, 6.564867606819256e-05
240.90, 6.509879332000668e-05
241.00, 6.455064593199157e-05
241.10, 6.442919706176517e-05
241.20, 6.430440591863566e-05
241.30, 6.417627176125432e-05
241.40, 6.404479384827254e-05
241.50, 6.39099714383418e-05
241.60, 6.417140388751435e-05
241.70, 6.442446379593036e-05
241.80, 6.466914928817256e-05
241.90, 6.490545848882358e-05
242.00, 6.513338952246635e-05
242.10, 6.573058242924118e-05
242.20, 6.631548905416741e-05
242.30, 6.688810657391412e-05
242.40, 6.744843216515048e-05
242.50, 6.799646300454572e-05
242.60, 6.881551405044675e-05
242.70, 6.961867012703416e-05
242.80, 7.040592758146219e-05
242.90, 7.117728276088514e-05
243.00, 7.193273201245739e-05
243.10, 7.29121903581137e-05
243.20, 7.387468073343368e-05
243.30, 7.482019912887088e-05
243.40, 7.574874153487877e-05
243.50, 7.666030394191097e-05
243.60, 7.766632207687549e-05
243.70, 7.865397250847778e-05
243.80, 7.962325090010018e-05
243.90, 8.057415291512503e-05
244.00, 8.150667421693471e-05
244.10, 8.246269480079109e-05
244.20, 8.340051331444501e-05
244.30, 8.432012534781995e-05
244.40, 8.522152649083956e-05
244.50, 8.610471233342734e-05
244.60, 8.69219177715441e-05
244.70, 8.77215117891213e-05
244.80, 8.850349012507796e-05
244.90, 8.926784851833293e-05
245.00, 9.001458270780522e-05
245.10, 9.068141284795632e-05
245.20, 9.133342353286701e-05
245.30, 9.197061171454543e-05
245.40, 9.259297434499975e-05
245.50, 9.320050837623805e-05
245.60, 9.363814905798406e-05
245.70, 9.406290312819209e-05
245.80, 9.447476794130453e-05
245.90, 9.487374085176368e-05
246.00, 9.525981921401182e-05
246.10, 9.548964207459966e-05
246.20, 9.570972246023244e-05
246.30, 9.592005831334549e-05
246.40, 9.612064757637445e-05
246.50, 9.631148819175463e-05
246.60, 9.628502143734798e-05
246.70, 9.625138549077924e-05
246.80, 9.6210578844311e-05
246.90, 9.616259999020591e-05
247.00, 9.610744742072657e-05
247.10, 9.58593354158249e-05
247.20, 9.560705450815364e-05
247.30, 9.535060379015732e-05
247.40, 9.508998235428057e-05
247.50, 9.482518929296778e-05
247.60, 9.433724153839126e-05
247.70, 9.384787844707e-05
247.80, 9.335709972412664e-05
247.90, 9.286490507468383e-05
248.00, 9.23712942038641e-05
248.10, 9.171332078863901e-05
248.20, 9.105654029710956e-05
248.30, 9.040095314113438e-05
248.40, 8.974655973257219e-05
248.50, 8.909336048328149e-05
248.60, 8.824063518603358e-05
248.70, 8.739157988524916e-05
248.80, 8.654619577124506e-05
248.90, 8.570448403433798e-05
249.00, 8.48664458648447e-05
249.10, 8.388270166875606e-05
249.20, 8.290458525693483e-05
249.30, 8.193209845867864e-05
249.40, 8.096524310328516e-05
249.50, 8.000402102005197e-05
249.60, 7.888376329454976e-05
249.70, 7.777116335774783e-05
249.80, 7.666622368291156e-05
249.90, 7.556894674330637e-05
250.00, 7.447933501219757e-05
250.10, 7.33160227609419e-05
250.20, 7.216130472428902e-05
250.30, 7.101518358877638e-05
250.40, 6.987766204094134e-05
250.50, 6.874874276732128e-05
250.60, 6.752503732230707e-05
250.70, 6.631124319701081e-05
250.80, 6.510736348070934e-05
250.90, 6.391340126267955e-05
251.00, 6.272935963219824e-05
251.10, 6.151234344399422e-05
251.20, 6.030532508905036e-05
251.30, 5.910830772589464e-05
251.40, 5.792129451305502e-05
251.50, 5.674428860905947e-05
251.60, 5.5528110843155415e-05
251.70, 5.432255136249078e-05
251.80, 5.3127613514948264e-05
251.90, 5.1943300648410776e-05
252.00, 5.076961611076105e-05
252.10, 4.960570620621515e-05
252.20, 4.84520299971292e-05
252.30, 4.730859075388712e-05
252.40, 4.61753917468728e-05
252.50, 4.5052436246470204e-05
252.60, 4.395113399242574e-05
252.70, 4.285994131424067e-05
252.80, 4.177886143773355e-05
252.90, 4.0707897588722954e-05
253.00, 3.964705299302748e-05
253.10, 3.8666253322658374e-05
253.20, 3.769389549568673e-05
253.30, 3.672998223733627e-05
253.40, 3.577451627283069e-05
253.50, 3.482750032739374e-05
253.60, 3.395630665340596e-05
253.70, 3.309279446597708e-05
253.80, 3.223696624212213e-05
253.90, 3.138882445885612e-05
254.00, 3.054837159319412e-05
254.10, 2.980877689099255e-05
254.20, 2.9075736260782026e-05
254.30, 2.834925184417421e-05
254.40, 2.762932578278074e-05
254.50, 2.691596021821332e-05
254.60, 2.6320206169017438e-05
254.70, 2.57296715785281e-05
254.80, 2.514435815180746e-05
254.90, 2.4564267593917677e-05
255.00, 2.3989401609920995e-05
255.10, 2.3557883205408966e-05
255.20, 2.3129691268192317e-05
255.30, 2.270482687081697e-05
255.40, 2.2283291085828814e-05
255.50, 2.1865084985773815e-05
255.60, 2.1580453793296587e-05
255.70, 2.1297636780808123e-05
255.80, 2.10166345362309e-05
255.90, 2.073744764748741e-05
256.00, 2.0460076702500187e-05
256.10, 2.0320579691313806e-05
256.20, 2.0181332345585004e-05
256.30, 2.004233475388854e-05
256.40, 1.9903587004799195e-05
256.50, 1.9765089186891777e-05
256.60, 1.974830301113759e-05
256.70, 1.97303484329349e-05
256.80, 1.9711225083584436e-05
256.90, 1.9690932594386915e-05
257.00, 1.9669470596643116e-05
257.10, 1.9763501887243347e-05
257.20, 1.9855243108407017e-05
257.30, 1.994469352161918e-05
257.40, 2.0031852388364897e-05
257.50, 2.0116718970129256e-05
257.60, 2.0289300946021665e-05
257.70, 2.0458554957355138e-05
257.80, 2.0624479928976295e-05
257.90, 2.0787074785731728e-05
258.00, 2.0946338452468074e-05
258.10, 2.1180262747446976e-05
258.20, 2.141030958366896e-05
258.30, 2.1636477693832706e-05
258.40, 2.185876581063692e-05
258.50, 2.2077172666780304e-05
258.60, 2.2340880743204645e-05
258.70, 2.26001459472415e-05
258.80, 2.2854966827866927e-05
258.90, 2.310534193405702e-05
259.00, 2.3351269814787853e-05
259.10, 2.3630659776689377e-05
259.20, 2.3905564467650802e-05
259.30, 2.4175982412258106e-05
259.40, 2.4441912135097296e-05
259.50, 2.4703352160754368e-05
259.60, 2.497070712325778e-05
259.70, 2.523345203210572e-05
259.80, 2.5491585373063472e-05
259.90, 2.5745105631896322e-05
260.00, 2.5994011294369562e-05
260.10, 2.6242786270481134e-05
260.20, 2.6487311540889063e-05
260.30, 2.6727585749193703e-05
260.40, 2.6963607538995494e-05
260.50, 2.7195375553894796e-05
260.60, 2.7403434886251385e-05
260.70, 2.7607454882436604e-05
260.80, 2.7807434255779055e-05
260.90, 2.8003371719607375e-05
261.00, 2.8195265987250153e-05
261.10, 2.8364700732567286e-05
261.20, 2.8530678221380295e-05
261.30, 2.8693197342082008e-05
261.40, 2.8852256983065278e-05
261.50, 2.9007856032722906e-05
261.60, 2.9122681468974038e-05
261.70, 2.9234455312771713e-05
261.80, 2.9343176585839345e-05
261.90, 2.9448844309900335e-05
262.00, 2.9551457506678086e-05
262.10, 2.9620487507200073e-05
262.20, 2.9687130068391403e-05
262.30, 2.9751384421296005e-05
262.40, 2.9813249796957798e-05
262.50, 2.9872725426420714e-05
262.60, 2.9883890571308215e-05
262.70, 2.9893161262285447e-05
262.80, 2.9900536892531093e-05
262.90, 2.9906016855223883e-05
263.00, 2.9909600543542485e-05
263.10, 2.9872905511156876e-05
263.20, 2.9834913505547163e-05
263.30, 2.9795624166351195e-05
263.40, 2.9755037133206804e-05
263.50, 2.971315204575181e-05
263.60, 2.9623279060796963e-05
263.70, 2.9532613507428248e-05
263.80, 2.9441155169097065e-05
263.90, 2.9348903829254804e-05
264.00, 2.925585927135287e-05
264.10, 2.9126144276377963e-05
264.20, 2.899616055678478e-05
264.30, 2.8865908052295275e-05
264.40, 2.873538670263146e-05
264.50, 2.8604596447515254e-05
264.60, 2.8430822079469836e-05
264.70, 2.8257240043280284e-05
264.80, 2.8083850392788348e-05
264.90, 2.7910653181835793e-05
265.00, 2.7737648464264388e-05
265.10, 2.7540934569256382e-05
265.20, 2.734478636521523e-05
265.30, 2.714920400238396e-05
265.40, 2.6954187631005615e-05
265.50, 2.675973740132321e-05
265.60, 2.6530495711581804e-05
265.70, 2.630218260416519e-05
265.80, 2.60747983215971e-05
265.90, 2.584834310640123e-05
266.00, 2.5622817201101286e-05
266.10, 2.5375672567075458e-05
266.20, 2.5129703723195632e-05
266.30, 2.4884910979876e-05
266.40, 2.4641294647530763e-05
266.50, 2.439885503657412e-05
266.60, 2.4132049570972305e-05
266.70, 2.386668050037647e-05
266.80, 2.3602748202290673e-05
266.90, 2.3340253054219008e-05
267.00, 2.3079195433665538e-05
267.10, 2.281139040087764e-05
267.20, 2.2545066925426933e-05
267.30, 2.2280225399611414e-05
267.40, 2.201686621572908e-05
267.50, 2.1754989766077923e-05
267.60, 2.148006488928326e-05
267.70, 2.1206762850694482e-05
267.80, 2.0935084079007332e-05
267.90, 2.0665029002917577e-05
268.00, 2.0396598051120974e-05
268.10, 2.012849754059686e-05
268.20, 1.9861978616355383e-05
268.30, 1.959704169965922e-05
268.40, 1.9333687211771076e-05
268.50, 1.9071915573953646e-05
268.60, 1.8808764042748997e-05
268.70, 1.8547223770456053e-05
268.80, 1.828729518559905e-05
268.90, 1.8028978716702227e-05
269.00, 1.7772274792289826e-05
269.10, 1.7528442488862482e-05
269.20, 1.7286034949679158e-05
269.30, 1.704505256034993e-05
269.40, 1.6805495706484845e-05
269.50, 1.6567364773693977e-05
269.60, 1.6338543651479413e-05
269.70, 1.6111080261756024e-05
269.80, 1.5884974971662045e-05
269.90, 1.5660228148335702e-05
270.00, 1.543684015891525e-05
270.10, 1.5235023823711029e-05
270.20, 1.5034315115906649e-05
270.30, 1.4834714325009542e-05
270.40, 1.4636221740527144e-05
270.50, 1.4438837651966895e-05
270.60, 1.4259393080462004e-05
270.70, 1.4080921048940871e-05
270.80, 1.3903421811590868e-05
270.90, 1.3726895622599368e-05
271.00, 1.3551342736153771e-05
271.10, 1.3402474246690497e-05
271.20, 1.325433103810589e-05
271.30, 1.3106913303794069e-05
271.40, 1.2960221237149168e-05
271.50, 1.2814255031565322e-05
271.60, 1.2691605979972892e-05
271.70, 1.2569511700791403e-05
271.80, 1.2447972342280756e-05
271.90, 1.2326988052700856e-05
272.00, 1.220655898031162e-05
272.10, 1.2116181636396001e-05
272.20, 1.2026130498758184e-05
272.30, 1.1936405656137966e-05
272.40, 1.1847007197275165e-05
272.50, 1.17579352109096e-05
272.60, 1.1693505650166969e-05
272.70, 1.1629233669505242e-05
272.80, 1.1565119312726632e-05
272.90, 1.150116262363335e-05
273.00, 1.1437363646027618e-05
273.10, 1.1402849548411444e-05
273.20, 1.1368326454802093e-05
273.30, 1.1333794364465814e-05
273.40, 1.129925327666886e-05
273.50, 1.1264703190677498e-05
273.60, 1.125249240208674e-05
273.70, 1.1240133292320375e-05
273.80, 1.1227625823223492e-05
273.90, 1.1214969956641205e-05
274.00, 1.1202165654418623e-05
274.10, 1.1212948488253459e-05
274.20, 1.1223483722455052e-05
274.30, 1.1233771291362955e-05
274.40, 1.1243811129316741e-05
274.50, 1.1253603170655977e-05
274.60, 1.1280435769693486e-05
274.70, 1.1306920630527909e-05
274.80, 1.1333057660425774e-05
274.90, 1.1358846766653616e-05
275.00, 1.138428785647797e-05
275.10, 1.1425891122288793e-05
275.20, 1.1467101563614885e-05
275.30, 1.150791907556866e-05
275.40, 1.1548343553262524e-05
275.50, 1.158837489180889e-05
275.60, 1.1638473712306709e-05
275.70, 1.1688122169125879e-05
275.80, 1.1737320141952878e-05
275.90, 1.178606751047419e-05
276.00, 1.1834364154376301e-05
276.10, 1.1891553276726743e-05
276.20, 1.1948291157248369e-05
276.30, 1.2004577674102334e-05
276.40, 1.206041270544979e-05
276.50, 1.2115796129451895e-05
276.60, 1.2174037668192966e-05
276.70, 1.2231810224658077e-05
276.80, 1.2289113672330086e-05
276.90, 1.2345947884691868e-05
277.00, 1.240231273522629e-05
277.10, 1.2461825115772726e-05
277.20, 1.2520920860072349e-05
277.30, 1.2579599854472945e-05
277.40, 1.2637861985322316e-05
277.50, 1.2695707138968237e-05
277.60, 1.2750045731844659e-05
277.70, 1.2803981691589026e-05
277.80, 1.2857514908571573e-05
277.90, 1.2910645273162528e-05
278.00, 1.2963372675732118e-05
278.10, 1.3012645041356497e-05
278.20, 1.3061576501507979e-05
278.30, 1.3110166963205278e-05
278.40, 1.3158416333467108e-05
278.50, 1.320632451931216e-05
278.60, 1.324573596419486e-05
278.70, 1.3284841861177578e-05
278.80, 1.3323642127191257e-05
278.90, 1.336213667916681e-05
279.00, 1.340032543403517e-05
279.10, 1.3428702518301101e-05
279.20, 1.3456822838171808e-05
279.30, 1.3484686334807177e-05
279.40, 1.3512292949367096e-05
279.50, 1.3539642623011442e-05
279.60, 1.3555265425930268e-05
279.70, 1.3570681961518286e-05
279.80, 1.3585892182775495e-05
279.90, 1.3600896042701905e-05
280.00, 1.3615693494297511e-05
280.10, 1.3619450870515174e-05
280.20, 1.3623066139153444e-05
280.30, 1.3626539268509213e-05
280.40, 1.3629870226879365e-05
280.50, 1.3633058982560794e-05
280.60, 1.3622936211640662e-05
280.70, 1.3612727577168799e-05
280.80, 1.3602433060418619e-05
280.90, 1.359205264266352e-05
281.00, 1.358158630517691e-05
281.10, 1.355899951626148e-05
281.20, 1.3536386299101203e-05
281.30, 1.3513746648557578e-05
281.40, 1.3491080559492106e-05
281.50, 1.3468388026766279e-05
281.60, 1.3432336267247116e-05
281.70, 1.3396313656202578e-05
281.80, 1.3360320201415244e-05
281.90, 1.3324355910667691e-05
282.00, 1.3288420791742493e-05
282.10, 1.3241067729320542e-05
282.20, 1.3193793830986453e-05
282.30, 1.3146599116409242e-05
282.40, 1.3099483605257896e-05
282.50, 1.3052447317201422e-05
282.60, 1.2993334948179568e-05
282.70, 1.2934350985828163e-05
282.80, 1.2875495461405997e-05
282.90, 1.2816768406171886e-05
283.00, 1.2758169851384623e-05
283.10, 1.2689961536852183e-05
283.20, 1.2621917755908909e-05
283.30, 1.2554038548531241e-05
283.40, 1.248632395469562e-05
283.50, 1.2418774014378468e-05
283.60, 1.2341399695442003e-05
283.70, 1.226422906661091e-05
283.80, 1.2187262177101035e-05
283.90, 1.211049907612822e-05
284.00, 1.2033939812908307e-05
284.10, 1.1951752703594616e-05
284.20, 1.1869776248758976e-05
284.30, 1.1788010500096004e-05
284.40, 1.1706455509300329e-05
284.50, 1.162511132806657e-05
284.60, 1.1537180892708874e-05
284.70, 1.144948538109097e-05
284.80, 1.1362024850701918e-05
284.90, 1.127479935903077e-05
285.00, 1.1187808963566583e-05
285.10, 1.1098574250541744e-05
285.20, 1.1009559804444098e-05
285.30, 1.0920765679676952e-05
285.40, 1.0832191930643583e-05
285.50, 1.0743838611747287e-05
285.60, 1.0652601399411208e-05
285.70, 1.0561594439700489e-05
285.80, 1.0470817789385374e-05
285.90, 1.0380271505236088e-05
286.00, 1.0289955644022877e-05
286.10, 1.0201074048318642e-05
286.20, 1.011239332161752e-05
286.30, 1.0023913514250478e-05
286.40, 9.935634676548483e-06
286.50, 9.847556858842494e-06
286.60, 9.760645153317831e-06
286.70, 9.673931932723354e-06
286.80, 9.587417246737622e-06
286.90, 9.50110114503919e-06
287.00, 9.414983677306619e-06
287.10, 9.339843841970791e-06
287.20, 9.264779870123915e-06
287.30, 9.18979178240587e-06
287.40, 9.114879599456539e-06
287.50, 9.040043341915794e-06
287.60, 8.97043939400474e-06
287.70, 8.900905733915068e-06
287.80, 8.831442380761615e-06
287.90, 8.762049353659204e-06
288.00, 8.692726671722677e-06
288.10, 8.632223243292682e-06
288.20, 8.571759776913308e-06
288.30, 8.51133628435535e-06
288.40, 8.450952777389601e-06
288.50, 8.39060926778685e-06
288.60, 8.339180102346174e-06
288.70, 8.287784674483146e-06
288.80, 8.23642299414666e-06
288.90, 8.185095071285604e-06
289.00, 8.133800915848884e-06
289.10, 8.094928789927417e-06
289.20, 8.056065038115827e-06
289.30, 8.017209663922601e-06
289.40, 7.978362670856222e-06
289.50, 7.939524062425176e-06
289.60, 7.912447377243054e-06
289.70, 7.885376407259758e-06
289.80, 7.858311154896486e-06
289.90, 7.831251622574427e-06
290.00, 7.804197812714788e-06
290.10, 7.793058037934015e-06
290.20, 7.781910774414043e-06
290.30, 7.770756020812865e-06
290.40, 7.759593775788496e-06
290.50, 7.748424037998939e-06
290.60, 7.750663446980146e-06
290.70, 7.752903114380827e-06
290.80, 7.755143040200982e-06
290.90, 7.75738322444061e-06
291.00, 7.759623667099723e-06
291.10, 7.774585472219337e-06
291.20, 7.789551790542262e-06
291.30, 7.804522622600944e-06
291.40, 7.81949796892783e-06
291.50, 7.83447783005537e-06
291.60, 7.863046897142935e-06
291.70, 7.891624849736161e-06
291.80, 7.920211688894528e-06
291.90, 7.948807415677516e-06
292.00, 7.977412031144607e-06
292.10, 8.018362779858222e-06
292.20, 8.059318748310077e-06
292.30, 8.100279936190069e-06
292.40, 8.141246343188108e-06
292.50, 8.182217968994102e-06
292.60, 8.235442971916862e-06
292.70, 8.288674779536483e-06
292.80, 8.341913391448975e-06
292.90, 8.395158807250333e-06
293.00, 8.44841102653656e-06
293.10, 8.51207383339503e-06
293.20, 8.575734164478502e-06
293.30, 8.639392016708893e-06
293.40, 8.703047387008115e-06
293.50, 8.766700272298087e-06
293.60, 8.84001557931002e-06
293.70, 8.913328039194332e-06
293.80, 8.986637648406734e-06
293.90, 9.059944403402936e-06
294.00, 9.133248300638645e-06
294.10, 9.213279559784593e-06
294.20, 9.29328443162922e-06
294.30, 9.373262907973939e-06
294.40, 9.453214980620163e-06
294.50, 9.533140641369314e-06
294.60, 9.619181804890303e-06
294.70, 9.705194570798242e-06
294.80, 9.791178930276128e-06
294.90, 9.87713487450698e-06
295.00, 9.963062394673796e-06
295.10, 1.00512301700374e-05
295.20, 1.013932946327884e-05
295.30, 1.0227360258972148e-05
295.40, 1.0315322541691369e-05
295.50, 1.0403216296010535e-05
295.60, 1.0493570127928543e-05
295.70, 1.0583853525750708e-05
295.80, 1.0674066473625603e-05
295.90, 1.0764208955701797e-05
296.00, 1.085428095612786e-05
296.10, 1.0943617906016826e-05
296.20, 1.1032859685049086e-05
296.30, 1.1122006272376805e-05
296.40, 1.1211057647152146e-05
296.50, 1.1300013788527286e-05
296.60, 1.138781231725281e-05
296.70, 1.147551663257608e-05
296.80, 1.1563126713883617e-05
296.90, 1.165064254056196e-05
297.00, 1.1738064091997624e-05
297.10, 1.1821413192176694e-05
297.20, 1.1904650477536804e-05
297.30, 1.1987775924003821e-05
297.40, 1.2070789507503635e-05
297.50, 1.2153691203962117e-05
297.60, 1.2232301541725506e-05
297.70, 1.2310805078050306e-05
297.80, 1.2389201789977287e-05
297.90, 1.2467491654547206e-05
298.00, 1.2545674648800822e-05
298.10, 1.2614531605622634e-05
298.20, 1.2683241162388608e-05
298.30, 1.275180328792019e-05
298.40, 1.2820217951038831e-05
298.50, 1.2888485120565976e-05
298.60, 1.2949929403056729e-05
298.70, 1.3011238320984466e-05
298.80, 1.3072411845776271e-05
298.90, 1.3133449948859212e-05
299.00, 1.3194352601660353e-05
299.10, 1.3246668126880718e-05
299.20, 1.3298854102685182e-05
299.30, 1.3350910501898375e-05
299.40, 1.3402837297344935e-05
299.50, 1.3454634461849483e-05
299.60, 1.3497884731881833e-05
299.70, 1.3541021892713197e-05
299.80, 1.3584045920692707e-05
299.90, 1.3626956792169463e-05
1000,0